S0240000626D735F6472697665725F646576656C6F70656D65745F565F305F312E7372656306
S1130000007000201104000059040000590400008D
S113001059040000590400005904000000000000C5
S11300200000000000000000000000001174000047
S11300305904000000000000B174000015750000B0
S1130040BD2D0000C72D0000D12D0000DB2D0000C8
S1130050E52D0000EF2D0000F92D0000032E000017
S11300600D2E0000172E0000212E00002B2E000064
S1130070352E00003F2E0000492E0000532E0000B4
S11300805D2E0000590400005904000059040000CA
S113009059040000590400005904000059040000E8
S11300A0335000003D500000590400005904000082
S11300B059040000590400005904000059040000C8
S11300C059040000590400005904000059040000B8
S11300D059040000590400005904000009560000A6
S11300E0135600005904000059040000590400008C
S11300F05904000059040000590400005904000088
S11301005904000059040000590400005904000077
S11301105904000059040000590400005904000067
S11301205904000059040000590400005904000057
S11301305904000059040000590400005904000047
S11301405904000059040000590400005904000037
S113015059040000813F00005904000059040000C4
S11301605904000059040000590400005904000017
S11301705904000059040000113F00001B3F000017
S1130180253F00002F3F0000393F000059040000C4
S113019059040000433F00004D3F00005904000093
S11301A0573F00005904000059040000590400009E
S11301B0613F00006B3F000059040000753F0000E0
S11301C059040000590400005904000059040000B7
S11301D059040000590400005904000059040000A7
S11301E05904000059040000590400005904000097
S11301F05904000059040000590400005904000087
S11302005904000059040000590400005904000076
S11302105904000059040000590400005904000066
S11302205904000059040000590400005904000056
S11302305904000059040000590400005904000046
S11302405904000059040000590400005904000036
S11302505904000059040000590400005904000026
S11302605904000059040000590400005904000016
S11302705904000059040000590400005904000006
S113028059040000590400005904000059040000F6
S113029059040000590400005904000059040000E6
S11302A059040000590400005904000059040000D6
S11302B059040000590400005904000059040000C6
S11302C059040000590400005904000059040000B6
S11302D059040000590400005904000059040000A6
S11302E05904000059040000590400005904000096
S11302F05904000059040000590400005904000086
S11303005904000059040000590400005904000075
S11303105904000059040000590400005904000065
S11303205904000059040000590400005904000055
S11303305904000059040000590400005904000045
S11303405904000059040000590400005904000035
S11303505904000059040000590400005904000025
S11303605904000059040000590400005904000015
S11303705904000059040000590400005904000005
S113038059040000590400005904000059040000F5
S113039059040000590400005904000059040000E5
S11303A059040000590400005904000059040000D5
S11303B059040000590400005904000059040000C5
S11303C059040000590400005904000059040000B5
S11303D059040000590400005904000059040000A5
S11303E05904000059040000590400005904000095
S11303F0590400005904000059040000FFFFFFFFE6
S1130400FFFFFFFFFFFFFFFFFFFFFFFFFE7FFFFF79
S113041072B64FF000014FF000024FF000034FF0AE
S113042000044FF000054FF000064FF00007B846F7
S1130430B946BA46BB46BC4604488546044880478C
S11304400448804762B608F041FFFEE700700020D0
S1130450611000009D100000FFF7FEBF81F0004115
S113046002E000BF83F0004330B54FEA41044FEA95
S1130470430594EA050F08BF90EA020F1FBF54EA30
S1130480000C55EA020C7FEA645C7FEA655C00F0CC
S1130490E2804FEA5454D4EB5555B8BF6D420CDD9D
S11304A02C4480EA020281EA030382EA000083EA20
S11304B0010180EA020281EA0303362D88BF30BDC0
S11304C011F0004F4FEA01314FF4801C4CEA113116
S11304D002D0404261EB410113F0004F4FEA033375
S11304E04CEA133302D0524263EB430394EA050F00
S11304F000F0A780A4F10104D5F1200E0DDB02FA6F
S11305000EFC22FA05F2801841F1000103FA0EF202
S1130510801843FA05F359410EE0A5F120050EF1C8
S1130520200E012A03FA0EFC28BF4CF0020C43FAF9
S113053005F3C01851EBE37101F0004507D54FF006
S1130540000EDCF1000C7EEB00006EEB0101B1F556
S1130550801F1BD3B1F5001F0CD349085FEA30009C
S11305604FEA3C0C04F101044FEA445212F5800FA7
S113057080F09A80BCF1004F08BF5FEA500C50F144
S1130580000041EB045141EA050130BD5FEA4C0C27
S1130590404141EB010111F4801FA4F10104E9D1B0
S11305A091F0000F04BF01460020B1FA81F308BFA7
S11305B02033A3F10B03B3F120020CDA0C3208DD73
S11305C002F1140CC2F10C0201FA0CF021FA02F14E
S11305D00CE002F11402D8BFC2F1200C01FA02F1BE
S11305E020FA0CFCDCBF41EA0C019040E41AA2BFE3
S11305F001EB0451294330BD6FEA04041F3C1CDAAB
S11306000C340EDC04F11404C4F1200220FA04F0CA
S113061001FA02F340EA030021FA04F345EA030174
S113062030BDC4F10C04C4F1200220FA02F001FA36
S113063004F340EA0300294630BD21FA04F02946B8
S113064030BD94F0000F83F4801306BF81F4801151
S11306500134013D4EE77FEA645C18BF7FEA655CC4
S113066029D094EA050F08BF90EA020F05D054EA96
S1130670000C04BF1946104630BD91EA030F1EBF9B
S11306800021002030BD5FEA545C05D1400049419F
S113069028BF41F0004130BD14F580043CBF01F592
S11306A0801130BD01F0004545F0FE4141F4700178
S11306B04FF0000030BD7FEA645C1ABF1946104653
S11306C07FEA655C1CBF0B46024650EA013406BF54
S11306D052EA033591EA030F41F4002130BD00BF13
S11306E090F0000F04BF0021704730B54FF48064D0
S11306F004F132044FF000054FF0000150E700BF51
S113070090F0000F04BF0021704730B54FF48064AF
S113071004F1320410F0004548BF40424FF000019C
S11307203EE700BF42004FEAE2014FEA31014FEADF
S113073002701FBF12F07F4393F07F4F81F060512E
S1130740704732F07F4208BF704793F07F4F04BF79
S113075041F40021704730B54FF4607401F0004556
S113076021F000411CE700BF50EA010208BF7047B6
S113077030B54FF000050AE050EA010208BF7047A7
S113078030B511F0004502D5404261EB41014FF410
S1130790806404F132045FEA915C3FF4D8AE4FF018
S11307A003025FEADC0C18BF03325FEADC0C18BFFB
S11307B0033202EBDC02C2F1200300FA03FC20FA4C
S11307C002F001FA03FE40EA0E0021FA02F1144499
S11307D0BDE600BF70B54FF0FF0C4CF4E06C1CEAB2
S11307E011541DBF1CEA135594EA0C0F95EA0C0F23
S11307F000F0DEF82C4481EA030621EA4C5123EA96
S11308004C5350EA013518BF52EA033541F48011C4
S113081043F4801338D0A0FB02CE4FF00005E1FB77
S113082002E506F00042E0FB03E54FF00006E1FBC1
S113083003569CF0000F18BF4EF0010EA4F1FF0404
S1130840B6F5007F64F5407404D25FEA4E0E6D4144
S113085046EB060642EAC62141EA55514FEAC52055
S113086040EA5E504FEACE2EB4F1FD0C88BFBCF5D1
S1130870E06F1ED8BEF1004F08BF5FEA500E50F182
S1130880000041EB045170BD06F0004646EA010148
S113089040EA020081EA0301B4EB5C04C2BFD4EB7A
S11308A00C0541EA045170BD41F480114FF0000E73
S11308B0013C00F3AB8014F1360FDEBF002001F0E1
S11308C0004170BDC4F10004203C35DA0C341BDC5B
S11308D004F11404C4F1200500FA05F320FA04F02D
S11308E001FA05F240EA020001F0004221F0004161
S11308F010EBD37021FA04F642EB06015EEA430ED4
S113090008BF20EAD37070BDC4F10C04C4F1200503
S113091000FA04F320FA05F001FA04F240EA0200B6
S113092001F0004110EBD37041F100015EEA430E87
S113093008BF20EAD37070BDC4F1200500FA05F2A7
S11309404EEA020E20FA04F301FA05F243EA020326
S113095021FA04F001F0004121FA04F220EA020035
S113096000EBD3705EEA430E08BF20EAD37070BD7B
S113097094F0000F0FD101F00046400041EB01015B
S113098011F4801F08BF013CF7D041EA060195F03D
S1130990000F18BF704703F00046520043EB0303F7
S11309A013F4801F08BF013DF7D043EA06037047E4
S11309B094EA0C0F0CEA135518BF95EA0C0F0CD0EF
S11309C050EA410618BF52EA4306D1D181EA030135
S11309D001F000414FF0000070BD50EA410606BF2F
S11309E01046194652EA430619D094EA0C0F02D174
S11309F050EA013613D195EA0C0F05D152EA0336B9
S1130A001CBF104619460AD181EA030101F00041D6
S1130A1041F0FE4141F470014FF0000070BD41F01F
S1130A20FE4141F4780170BD70B54FF0FF0C4CF4F9
S1130A30E06C1CEA11541DBF1CEA135594EA0C0F18
S1130A4095EA0C0F00F0A7F8A4EB050481EA030E65
S1130A5052EA03354FEA013100F088804FEA03334C
S1130A604FF0805545EA131343EA12634FEA02221A
S1130A7045EA111545EA10654FEA00260EF00041DB
S1130A809D4208BF964244F1FD0404F5407402D22D
S1130A905B084FEA3202B61A65EB03055B084FEABE
S1130AA032024FF480104FF4002CB6EB020E75EBBB
S1130AB0030E22BFB61A754640EA0C005B084FEAE3
S1130AC03202B6EB020E75EB030E22BFB61A754660
S1130AD040EA5C005B084FEA3202B6EB020E75EBAB
S1130AE0030E22BFB61A754640EA9C005B084FEA23
S1130AF03202B6EB020E75EB030E22BFB61A754630
S1130B0040EADC0055EA060E18D04FEA051545EA1E
S1130B1016754FEA06164FEAC30343EA52734FEAC7
S1130B20C2025FEA1C1CC0D111F4801F0BD141EA40
S1130B3000014FF000004FF0004CB6E711F4801FA5
S1130B4004BF01430020B4F1FD0C88BFBCF5E06F85
S1130B503FF6AFAEB5EB030C04BFB6EB020C5FEA95
S1130B60500C50F1000041EB045170BD0EF0004EEA
S1130B704EEA113114EB5C04C2BFD4EB0C0541EA1C
S1130B80045170BD41F480114FF0000E013C90E619
S1130B9045EA060E8DE60CEA135594EA0C0F08BFDD
S1130BA095EA0C0F3FF43BAF94EA0C0F0AD150EADC
S1130BB001347FF434AF95EA0C0F7FF425AF10466F
S1130BC019462CE795EA0C0F06D152EA03353FF497
S1130BD0FDAE1046194622E750EA410618BF52EA14
S1130BE043067FF4C5AE50EA41047FF40DAF52EAE8
S1130BF043057FF4EBAE12E74FF0FF3C06E000BF85
S1130C004FF0010C02E000BF4FF0010C4DF804CD91
S1130C104FEA410C7FEA6C5C4FEA430C18BF7FEA51
S1130C206C5C1BD001B050EA410C0CBF52EA430C7F
S1130C3091EA030F02BF90EA020F0020704710F1FF
S1130C40000F91EA030F58BF994208BF90422CBF8E
S1130C50D8176FEAE37040F0010070474FEA410C87
S1130C607FEA6C5C02D150EA013C07D14FEA430CA5
S1130C707FEA6C5CD6D152EA033CD3D05DF8040B16
S1130C80704700BF8446104662468C461946634648
S1130C9000E000BF01B5FFF7B7FF002848BF10F11F
S1130CA0000F01BD4DF808EDFFF7F4FF0CBF012064
S1130CB000205DF808FB00BF4DF808EDFFF7EAFFE0
S1130CC034BF012000205DF808FB00BF4DF808ED9B
S1130CD0FFF7E0FF94BF012000205DF808FB00BF90
S1130CE04DF808EDFFF7CEFF94BF012000205DF81A
S1130CF008FB00BF4DF808EDFFF7C4FF34BF012027
S1130D0000205DF808FB00BF4A0011D212F5001262
S1130D1011D20DD56FF47873B3EB62520ED44FEA4F
S1130D20C12343F0004343EA505323FA02F07047CF
S1130D304FF00000704750EA013002D14FF0FF300D
S1130D4070474FF00000704753B94AB9002908BFF3
S1130D5000281CBF4FF0FF314FF0FF3000F07EB988
S1130D60ADF1080C6DE904CE00F006F8DDF804E0FE
S1130D70DDE9022304B070472DE9F047089D0446DD
S1130D808E46002B4ED18A4294466DD9B2FA82F730
S1130D9057B1C7F1200EB94020FA0EFE02FA07FC43
S1130DA04EEA010E00FA07F44FEA1C49210CBEFB7F
S1130DB0F9F61FFA8CF809FB16EE41EA0E4106FB20
S1130DC008F38B420AD91CEB010106F1FF3280F0D3
S1130DD027818B4240F22481023E6144C91AA4B2A5
S1130DE0B1FBF9F009FB101144EA014400FB08F8D7
S1130DF0A0450AD91CEB040400F1FF3380F00E81F6
S1130E00A04540F20B810238644440EA0640A4EB5A
S1130E10080400267DB1FC4000232C606B60314641
S1130E20BDE8F0878B4209D9002D00F0148100261B
S1130E3085E8030030463146BDE8F087B3FA83F60F
S1130E40002E40F090808B4202D3824200F2FD805B
S1130E50841A61EB030101208E46002DEBD085E856
S1130E6010403146BDE8F0871AB94FF0010CBCFBC5
S1130E70F2FCBCFA8CF7A7BBA1EB0C034FEA1C42B3
S1130E801FFA8CF80126B3FBF2FE210C02FB1E3381
S1130E9041EA034108FB0EF38B4208D91CEB010124
S1130EA00EF1FF3002D28B4200F2D1808646C91A7D
S1130EB0A3B2B1FBF2F002FB101143EA014408FBB8
S1130EC000F8A04508D91CEB040400F1FF3302D25A
S1130ED0A04500F2B7801846A4EB080440EA0E408F
S1130EE098E7C7F1200301FA07F40CFA07FC20FA8B
S1130EF003FED9404FEA1C424EEA040EB1FBF2F65F
S1130F004FEA1E4302FB16111FFA8CF843EA014311
S1130F1006FB08F1994200FA07F40AD91CEB030313
S1130F2006F1FF3080F08C80994240F28980023EC5
S1130F3063445B1A1FFA8EF1B3FBF2F002FB103329
S1130F4041EA034100FB08F38B4208D91CEB010181
S1130F5000F1FF3E70D28B426ED902386144CB1A45
S1130F6040EA06468FE7C6F1200722FA07F8B340A5
S1130F7001FA06F448EA030320FA07FC4FEA134E89
S1130F80F9404CEA040CB1FBFEF94FEA1C440EFB99
S1130F9019111FFA83F844EA014109FB08F48C4251
S1130FA002FA06F200FA06FA08D9591809F1FF30D4
S1130FB044D28C4242D9A9F102091944091B1FFAEF
S1130FC08CFCB1FBFEF00EFB10114CEA014400FB5B
S1130FD008F8A04507D91C1900F1FF312AD2A04511
S1130FE028D902381C4440EA0940A4EB0804A0FBB9
S1130FF002894C45C446494616D313D055B1BAEBC1
S11310000C0364EB010404FA07F7F3401F43F440B4
S11310102F606C6000263146BDE8F0871846F4E680
S11310201646DBE6C245E9D2B8EB020C69EB0301D4
S11310300138E3E70846D6E7704690E78146BDE706
S1131040064676E70238644446E7304605E7AEF1E3
S1131050020E61442BE72E462846ECE6704700BF9B
S11310604FF0E023D3F8882D42F47002C3F8882DA2
S1131070D3F8342F22F08042C3F8342F054B064AAC
S11310805A605A6842F220121A604FF6FF729A6050
S1131090704700BF0020054020C528D9264B274AA9
S11310A09A4208D013462448254A13F8011B02F833
S11310B0011B9842F9D1234B234A9A4208D0134684
S11310C02048224A13F8011B02F8011B8342F9D17C
S11310D01F4B204A9A4206D0134600211C4A03F8AB
S11310E0011B9342FBD11C4B1C4A9A4208D0134665
S11310F019481B4A13F8011B02F8011B8342F9D15A
S1131100184B194A9A4212D010B4184CA40808D0AB
S11311101946002351F8040B42F8040B0133A3428F
S1131120F8D1134B104A1A605DF8044B7047104B0A
S11311300C4A1A60704700BF9CA60000F89E00008D
S11311400084FF1F9CA600009CA60000A48BFF1F28
S1131150B4570020000000209CA600009CA60000BC
S113116000000020000000000080FF1F00040000B9
S113117008ED00E0044B53F82030123153F82130CD
S1131180C3F30B03138070473C9B0000074B5B6960
S1131190DBB2042B06D0802B06D0012B0CBF012020
S11311A004207047022070470320704700E0074086
S11311B0044BD3F8003113F0807F1ABF024B186838
S11311C000207047004006401000002010B584B095
S11311D00B4600293BD0444AD2F8002112F0007F8C
S11311E07DD1414AD2F8001121F40001C2F8001166
S11311F04FF08061C2F8001100213C4A11600028C0
S113120070D05A7A120202F4E062197A01F00701EE
S11312100A433548C0F80421DA79120102F0300299
S11312209979C90001F008010A435979890001F04C
S113123004010A43C0F808211A79012A29D0E2B12D
S1131240022A32D01A68294B1A60294C3BE0002349
S11312508DF804308DF80C3001228DF808208DF8BB
S113126009208DF805208DF8063002238DF807300B
S113127004AB204A43F8102DADE71A7B002A14BFB3
S11312804FF40002002242F001021749C1F8002184
S1131290D8E71A7B002A14BF4FF40002002242F060
S11312A001121149C1F80021CCE71A7B002A14BFAE
S11312B04FF403024FF4403242F001020A49C1F8EC
S11312C00021BFE7013CFFF773FF18B9002CF9D1E7
S11312D0032005E0002C14BF0020032000E00220BE
S11312E004B010BD0020FBE70040064010000020C1
S11312F088E7300000127A00084BD3F8003213F06C
S1131300807F09D0054BD3F8083203F00103002B8A
S1131310034808BF00207047002070470040064083
S113132000127A0010B582B00B46002938D02D4A3D
S1131330D2F8002212F0007F4FD12A4AD2F80012CC
S113134021F40001C2F800120021C2F800120028A2
S113135046D09A78120202F4E062597801F007014B
S11313600A432049C1F804221A7802F00102C1F8A4
S1131370082259799A791B79002B14BF032301237E
S1131380002914BF042100210B43002A14BF4FF489
S1131390000200221343134AC2F80032642410E00E
S11313A000238DF8043001228DF805208DF80630D5
S11313B08DF801208DF8022002AB03F8082DB6E762
S11313C0013CFFF799FF18B9002CF9D1032005E07F
S11313D0002C14BF0020032000E0022002B010BD46
S11313E00020FBE700400640054BD3F8003313F020
S11313F0807F1DBF024BD3F808330248002070479A
S113140000400640006CDC0210B582B00B46002997
S113141032D0294AD2F8002312F0007F47D1264A5D
S1131420D2F8001321F40001C2F800134FF08061D8
S1131430C2F8001300283DD09A78120202F4E06248
S1131440597801F007010A431B49C1F804231A78AB
S113145002F00302C1F808239A795B79002B14BFC8
S113146001230923002A14BF4FF40002002213436E
S1131470C1F8003314240EE001238DF80530002256
S11314808DF806208DF801308DF8023002AB03F898
S1131490082DBEE7013CFFF7A7FF18B9002CF9D1CE
S11314A0032005E0002C14BF0020032000E00220EC
S11314B002B010BD0020FBE70040064008B50F4B0A
S11314C0D3F8003613F0807F02D10023184608BDFC
S11314D0FFF76EFE03460028F8D00849D1F8082625
S11314E0C2F302220132B0FBF2F3D1F80826C2F3B0
S11314F00442103203FB02F35B08E7E700400640B6
S113150010B584B00C4699B13D4BD3F8003613F0B6
S1131510007F72D13A4BD3F8002622F40002C3F8BC
S113152000264FF08062C3F80026A0B9002065E0D1
S113153000238DF804308DF80B3001228DF808203B
S11315408DF809208DF8053007228DF806208DF8D6
S1131550073001ACD8E7FFF72BFE63791B0203F4D5
S1131560E063227902F0070213432549C1F80436E7
S113157063781B0203F4E063A278120402F4F81205
S11315801343C1F808362378012B16D04BB1022B34
S11315901FD04FF47A74FFF791FF48BB34B3013C7A
S11315A0F9E7E379002B14BF4FF40003002343F061
S11315B00103134AC2F80036EBE7E379002B14BFAA
S11315C04FF40003002343F001130D4AC2F8003620
S11315D0DFE7E379002B14BF4FF403034FF44033E8
S11315E043F00103064AC2F80036D2E7032005E0BF
S11315F0002C14BF0020032000E0022004B010BD22
S1131600004006402DE9F04180460D468C780134B7
S11316104E7806FB04460F7807FB0447CB78013B62
S1131620052B1CD8DFE803F00312151B1B18FFF76A
S1131630BFFD0009B8F1020F4AD0B8F1030F7BD007
S1131640B8F1010F0DD00020BDE8F081FFF754FE82
S1131650EFE7FFF7C9FEECE7FFF730FFE9E700200B
S1131660E7E7EA7802EB42015B4B53F821301B09B0
S113167004FB03F4A04200F293800B46564901EBAD
S113168083035B681B0906FB03F6B04200F28B8000
S113169002EB420301EB83039B681B0907FB03F77F
S11316A0B84200F28380AB781B0403F47023120663
S11316B002F0706213432A7802F00F0213436A782F
S11316C01201D2B21343454A53610020BDE8F081B0
S11316D0EA7802EB4201424B53F821301B0904FB28
S11316E003F4A04265D80B463D4901EB83035B68D4
S11316F01B0906FB03F6B0425ED802EB420301EB82
S113170083039B681B0907FB03F7B84257D8AB78E0
S11317101B0403F47023120602F0706213432A7848
S113172002F00F0213436A781201D2B213432B4A18
S113173093610020BDE8F081EB7803EB4301294A73
S113174052F82120120904FB02F4A0423AD80A46B6
S1131750244901EB82025268120906FB02F6B042E8
S113176033D803EB430201EB82029268120907FBB0
S113177002F7B8422CD8AA78120402F470221B068D
S113178003F0706313432A7802F00F0213436A785C
S11317901201D2B21343114AD3610020BDE8F08193
S11317A00120BDE8F0810120BDE8F0810120BDE801
S11317B0F0810120BDE8F0810120BDE8F081012025
S11317C0BDE8F0810120BDE8F0810120BDE8F08191
S11317D00120BDE8F08100BF389C000000400640B5
S11317E08C9C0000E49B000038B50546FFF7CEFC56
S11317F02946FFF707FF044658B9E8780A22084942
S1131800013A0B69C3F30363984204D0002AF7D169
S11318100324204638BD002A08BF0324F9E700BF8B
S11318200040064010B504461B4B1B69C3F3036319
S1131830013B052B1DD8DFE803F00313161C1C190C
S1131840FFF7B6FC144B1B69C3F303430133B0FB2E
S1131850F3F0012C0FD0ECB1022C14D0002010BDF9
S1131860FFF74AFDEEE7FFF7BFFDEBE7FFF726FEC4
S1131870E8E70020E6E7084B1B69C3F303130133D1
S1131880B0FBF3F010BD044B1B6903F00F030133ED
S1131890B0FBF3F010BD00BF0040064008B50F4B8D
S11318A01B6AC3F30363062B15D8DFE803F00408AF
S11318B00B0E141411000220FFF7B4FF08BDFFF74C
S11318C077FC08BDFFF718FD08BDFFF78DFD08BDC7
S11318D0FFF7F4FD08BD002008BD00BF004006402E
S11318E008B541B1012931D00020024610B1431E90
S11318F022FA03F008BD0438032852D8DFE800F0C8
S11319000B02141DFFF770FD0246294BD3F80403A4
S113191000F00700EAE7FFF7EFFC0246244BD3F898
S1131920040200F00700E1E7FFF742FC0246204B07
S1131930D3F8040100F00700D8E7FFF7BFFD024623
S11319401B4BD3F8040600F00700CFE70438032844
S11319502AD8DFE800F00B02141DFFF745FD02460C
S1131960134BD3F80403C0F30220BFE7FFF7C4FC12
S113197002460F4BD3F80402C0F30220B6E7FFF788
S113198017FC02460A4BD3F80401C0F30220ADE76A
S1131990FFF794FD0246064BD3F80406C0F3022079
S11319A0A4E700200246A1E7002002469EE700BF0C
S11319B00040064008B5114B1B69C3F30113032B08
S11319C019D8DFE803F00207101300210620FFF7FF
S11319D087FF08BD094B186900F00200002818BFF2
S11319E04FF4FA4008BD064B186808BD00210520D5
S11319F0FFF776FF08BD002008BD00BF008004404B
S1131A000000002038B51C4B33F810309B0003F164
S1131A10804303F5CA231D68C5F3C0051C6804F0A0
S1131A200704AC4225D31868C0F3807010B31B6858
S1131A30C3F30263013B052B19D8DFE803F0030C61
S1131A40101818140620FFF74BFF0134B0FBF4F014
S1131A5005FB000038BD0420FFF742FFF5E7052031
S1131A60FFF73EFFF1E70720FFF73AFFEDE700201D
S1131A70EBE7002038BD00BF449B00000F4B1B69FF
S1131A80C3F38103022B07D0032B0ED0002B0CBF12
S1131A904FF4FA3000207047084B186900F0020038
S1131AA0002818BF4FF4FA407047044B186900F03F
S1131AB00200002818BF4FF4FA4070470080044029
S1131AC008B5244B5B6813F4006F40D0214B5B686E
S1131AD0C3F303130E2B09D8DFE803F00A080D083B
S1131AE01208171C20252F0829082C00002026E0A6
S1131AF0FFF7D4FE23E001210620FFF7F1FE1EE0EC
S1131B0001210420FFF7ECFE19E001210520FFF775
S1131B10E7FE14E00020FFF785FE10E00121072016
S1131B20FFF7DEFE0BE00120FFF77CFE07E0FFF786
S1131B30A5FF04E0FFF73EFF01E04FF4FA30054B48
S1131B405B68C3F302230133B0FBF3F008BD00204C
S1131B5008BD00BF00800440F0B5A1B028B304461E
S1131B600646002800F0FF80644B1B69C3F303633F
S1131B70032B00F0C980FFF737FC002800F0B48085
S1131B8003238DF8073000228DF8062001228DF8FA
S1131B90052020A800F87C3DFFF726FE0546002816
S1131BA000F0B280284621B0F0BD01238DF80B303F
S1131BB000228DF80C208DF80D308DF80E208DF854
S1131BC008308DF809308DF80A308DF816308DF80C
S1131BD014308DF815208DF80F208DF810308DF805
S1131BE011308DF838300D928DF825304449069126
S1131BF08DF81C208DF824208DF81D308DF81E20C2
S1131C0002208DF81F008DF820308DF821308DF8DA
S1131C1030308DF828208DF82F208DF829200C21C4
S1131C208DF82A108DF82B208DF82C308DF82D305E
S1131C308DF83D3003218DF83C108DF84B308DF834
S1131C4041108DF840208DF83F308DF83E308DF8EE
S1131C5045008DF844308DF843208DF8421006205D
S1131C608DF849008DF848208DF847308DF84610DE
S1131C7024491E9120211D918DF84C308DF84D2062
S1131C808DF84E208DF84F208DF850308DF854305B
S1131C908DF853308DF852208DF851208DF868302E
S1131CA08DF869308DF86A308DF86B308DF86C30B2
S1131CB08DF86D308DF873308DF858301792189276
S1131CC019928DF86E308DF86F308DF870208DF884
S1131CD071208DF872208DF87C308DF87D308DF870
S1131CE07E2002AE34463FE700210120FFF78CFB43
S1131CF0054600287FF456AF42E700BF0040064087
S1131D0000127A00C488FF1F3146E078FFF70AFB0F
S1131D100546002800F02381FFF738FA022800F076
S1131D205881032800F05881012800F03281002DE9
S1131D307FF438AF94F8303013B1E26AA84B1A60DC
S1131D4094F8353053B1A7490A6A22F0706294F8C6
S1131D5034301B0603F0706313430B6294F8433072
S1131D60002B40F0A68114F16C0F35D0236F002BAB
S1131D7032D0E36E83B300219B489C4D01EB81027A
S1131D80236F9B5C30F813309B0003F1804303F511
S1131D90CA231E6826F080461E60236F9F189E5C2F
S1131DA0BB781B0603F0E063FA78D20002F0080265
S1131DB013433A7902F0070213437A78002A14BFD6
S1131DC04FF080420022134330F8162045F82230A9
S1131DD00131E36E9942D1D394F84430C3B194F8FD
S1131DE0463094F847208249496821F47F6194F889
S1131DF04500002814BF4FF4006000201B01DBB233
S1131E00120202F4E06213430B430343784A536023
S1131E1094F84830DBB194F84A3094F84920744976
S1131E20096921F03F0194F84C00084394F84B10E1
S1131E30002914BF022100219B0003F00C0303437B
S1131E40120102F0300213430B43694A136194F800
S1131E506030002B37D0664B196C21F0010194F8E7
S1131E6061200A431A641B6C23F0020394F8622075
S1131E70002A14BF0222002213435D4A1364136C28
S1131E8023F0040394F86320002A14BF04220022E0
S1131E901343574A1364136C23F0080394F8642023
S1131EA0002A14BF082200221343514A1364136CFE
S1131EB023F0100394F86520002A14BF1022002296
S1131EC013434B4A136494F8503033B1494B626D59
S1131ED01A60A26D5A60E26D9A6094F86630EBB1B4
S1131EE0434A936E00209066516821F4805194F81F
S1131EF068301B0303F480530B435360906694F8DB
S1131F0067305BB194F869305B0003F00E0394F81A
S1131F106A2042F080521343354A936694F8743031
S1131F20002B00F0E28034498B7803F07F0394F8AF
S1131F30752082F0010243EAC213DBB28B7094F97C
S1131F407630002BBCBF20335BB22B490A7903F0F7
S1131F501F0302F0E00213430B71002522E604F193
S1131F601001607FFFF732F9054600287FF4D4AEF4
S1131F7004F1200194F82800FFF7C2FA0546FFF7A0
S1131F8005F9022825D0032826D0012801D00026EF
S1131F9001E004F13606002D7FF4C9AEF378032B7B
S1131FA02CD08DF80730B3788DF8063073788DF81F
S1131FB00530337820A800F87C3DFFF715FC054672
S1131FC000287FF4B4AEE11DA07BFFF71DFA05469F
S1131FD0ADE604F13A06DEE704F13E06DBE700BFB6
S1131FE00000002000400640449B000000500640D2
S1131FF0008004400400002000D0074094F82830FA
S11320000BBB637F93BBE378002B42D10125002DEA
S11320107FF48DAEE11DA07BFFF7F6F9054600289D
S11320207FF485AEF3788DF80730B3788DF80630F9
S113203073788DF80530337820A800F87C3DFFF7DD
S1132040D3FB054673E606238DF8073002238DF88B
S1132050063001238DF8053020A800F87C3DFFF7F9
S1132060C3FB0546637F7BB10128D0D101238DF8E2
S1132070073000228DF806208DF8053020A800F8DE
S11320807C3DFFF7B1FB0546E378002BBFD0012D63
S1132090BDD102238DF8073000238DF806308DF86A
S11320A0053020A8012300F87C3DFFF79DFB054681
S11320B0ADE704F136010120FFF7A4FA0546002834
S11320C07FF470AD04F13A010220FFF79BFA054654
S11320D000287FF467AD04F13E010320FFF792FA74
S11320E0054600287FF45EAD3DE600255AE500BFB5
S11320F070B504460D46112807D9232840F285807F
S11321004D2840F24F81042070BD11287AD8DFE8B1
S113211000F00913191F24292E33383C41484F5627
S11321205D646B720020FFF77DFB03460020002DE9
S113213000F0AA812B6070BD0120FFF773FB0346FA
S11321400020F4E70220FFF76DFB03460020EEE7D2
S1132150FFF7B6FC03460020E9E7FFF7CDF8034696
S11321600020E4E7FFF740F903460020DFE7FFF72C
S11321701FF803460020DAE7FFF7A0F90346002022
S1132180D5E7A84B1B680020D1E7FFF787FB034680
S11321900020CCE700210420FFF7A2FB0346002027
S11321A0C5E701210420FFF79BFB03460020BEE79F
S11321B000210520FFF794FB03460020B7E7012127
S11321C00520FFF78DFB03460020B0E70021062021
S11321D0FFF786FB03460020A9E701210620FFF74D
S11321E07FFB03460020A2E700210720FFF778FBCE
S11321F0034600209BE701210720FFF771FB0346FC
S1132200002094E70023042091E7A0F115040E2C8C
S113221000F29980DFE804F00814202B353E434F88
S11322205A656D767F878F007F4BDB68C3F301634C
S1132230022B00F28B807D4A52F82330002024E0E8
S1132240794BDB68C3F38163022B00F28280774A07
S113225052F82330002018E0734BDB68C3F301739A
S1132260022B79D8714A52F8233000200DE06E4BCE
S1132270DB689B0F022B72D86C4A52F82330002083
S113228003E0FFF71DFC03460020002D00F0FC8056
S11322902B6070BDFFF78EFB03460020F5E7644B0F
S11322A09B78DB0902D000231846EEE7FFF7E6FB34
S11322B003460020E9E75E4B9B78DB0952D15A4B79
S11322C01B6913F0010350D10020DEE7584B9B78C3
S11322D0DB094ED1544B1B6913F002034CD100208F
S11322E0D3E7534B9B78DB094AD14FF4FA330020F0
S11322F0CBE74D4B1B6CC3F30013002B43D14FF4BE
S11323008070C2E7484B1B6CC3F3C003002B3DD164
S11323104FF48070B9E7444B1B6CC3F38003C3BB19
S11323204FF48070B1E7404B1B6CC3F340039BBB7D
S11323304FF48070A9E73C4B1B6C13F001032ED1C2
S11323404FF48070A1E7002304209EE70023184681
S11323509BE70023184698E70023184695E70023D7
S1132360184692E7002318468FE74FF47A7300204B
S11323708BE70023184688E74FF4FA43002084E7EC
S11323800023184681E7002318467EE700231846F9
S11323907BE70023184678E70023184675E70023F7
S11323A0184672E7242805D804200023002D6BD09A
S11323B02B6070BDA0F13303DBB21A2B07D81D4A82
S11323C022FA03F313F0010F18BF0420EDD11A4BC6
S11323D033F81420194B53F8223013F0804F42D1B4
S11323E04FF48070E1E70120FFF71CFA002845D183
S11323F000234FF48070D9E70020FFF713FA002878
S1132400F6D03BE00220FFF70DFA0028F0D035E0CB
S113241016F0080F14D116F0100F19D100234FF441
S11324208070C3E700000020008004400400002006
S113243000D0074041210004449B000000500640A6
S113244000212046FFF7DEFA034616F0100F04D0F1
S113245001212046FFF7D6FA0346002B14BF0020C3
S11324604FF48070A2E7094B1E5D16F0200FBAD11D
S113247016F0400FC0D116F0800FC3D116F0180F1C
S1132480C6D10023184691E770BD00BFE09C000050
S113249008B5FFF72DFE08BD29B14118002300F847
S11324A0013B8142FBD1704708B5084B1B6853F8C8
S11324B0203000F00F00064A1077D07723B15A6815
S11324C012B1197B9868904708BD00BF1400002022
S11324D00080004038B5054600F00F040022214674
S11324E0094800F059FB094B1B6853F8253053B1D8
S11324F0054A1477D477947701221A735A6812B173
S1132500197B9868904738BD008000401400002073
S11325102DE9F04F87B09DF84070119D0124BC4017
S11325205FFA84FCB5FBFCF60CFB1656002E14BFB8
S11325304FF0010A4FF0000A03D0504607B0BDE83F
S1132540F08F059304920391804600F00F06DFF8A4
S113255000913146484600F024FBD9F8003023F0BE
S11325608003C9F80030730103F1804202F5004B87
S113257002F51042049810604B4441F21002059891
S113258098500197009700231A463146484600F0B8
S11325902DFB039B032B12D8DFE803F0022D3D4CE7
S11325A0002241F204032BF8032064B2A4B27301A5
S11325B003F1804303F5004341F214029C52244C7E
S11325C02A463146204600F029FB012231462046A6
S11325D000F0AFFB04EB461641F21C02B35A1BB2E7
S11325E043F002039BB2B3521A4B1B6853F82830D2
S11325F000221A73A1E764B2A4B241F204032BF8D7
S11326000340730103F1804303F50043002141F2C9
S113261014029952D3E764B2A4B241F204032BF832
S11326200340730103F1804303F5004341F21402B4
S11326309C52C4E7002241F204032BF803207301E7
S113264003F1804303F5004341F214015A52B6E703
S1132650008000401400002070B582B00446079D3D
S113266001959DF818500095FFF752FF054610B1EB
S1132670284602B070BD04F00F040F4E089A21469C
S1132680304600F056FB06EB441641F21C03F35AA5
S113269023F008031B041B0C9DF82420002A14BFFC
S11326A0082200221343640104F1804404F5004429
S11326B041F21C02A352DBE70080004008B501226E
S11326C000F00F01024800F067FA002008BD00BFC7
S11326D00080004008B5002200F00F01024800F01D
S11326E05BFA002008BD00BF0080004010B40F4B0F
S11326F01C5C04F07F041C541C5C01F03F0104F0DA
S1132700C004214319541B5C03F0BF03002A14BF07
S1132710402200221A43054B1A541A5C42F08002EC
S11327201A5400205DF8044B704700BF00100240AB
S113273000F00F0089B2400100F1804000F5104024
S11327408180704700F00F00400100F1804000F5E7
S1132750004041F20C03C150704700F00F0089B2F1
S1132760400100F1804000F5004041F21403C152E1
S11327707047000008B500F00F01024800F008FBA4
S113278008BD00BF00800040002843D038B504468F
S113279000293BD00D4620212846FFF77DFE227EEE
S11327A0637A03F0070343EAC223227A120202F493
S11327B0E0621343627ED200D2B21343EB802368FB
S11327C02B60B4F90A30AB80E369AB602369EB603A
S11327D063682B61B4F90C30AB82E36A1B68EB824B
S11327E094F820309BB1636AAB6194F82830002BD5
S11327F014BF0223002394F82020002A14BF1022BF
S113280000221343AB83E36A1B68EB8338BD63691F
S1132810AB61EAE7704700002DE9F04182B00C4655
S113282000F00F05714F2946384600F0BAF92268C6
S11328306E0106F1804303F5004803F510431A6066
S113284062683E4441F21003F250637E227E617A54
S11328500191217A00912946384600F0C7F962892E
S113286041F2040328F80320A28941F21403F2522E
S1132870226941F20C03F25094F82030002B40F00E
S1132880A1806B0103F1804303F5004341F21C0175
S11328905A5A22F010021204120C5A52616941F27F
S11328A0180299506B0103F1804303F5004341F290
S11328B01C029B5A23F002031B041B0C94F82820CF
S11328C0002A14BF0222002213436A0102F180424B
S11328D002F5004241F21C015352E16A00297FD003
S11328E0424B1B6813F0800F14D0134641F20802C8
S11328F09A5822F000420B79002B14BF4FF000438A
S113290000231A436B0103F1804303F5004341F2B2
S113291008015A50354B1B6813F0800F19D06B0116
S113292003F1804303F5004341F208029A5822F070
S11329308042E36A5B79002B14BF4FF0804300238D
S11329401A436B0103F1804303F5004341F208018C
S11329505A50E36A254E9A682946304600F08CF9AD
S1132960E2692946304600F059F9E26A137B527B4A
S11329702946304600F0A8F9E36A997B06EB451630
S113298041F21C00325A92B2DB7B1B0203F47063E7
S113299022F4706213433352335A23F020031B048E
S11329A01B0C002914BF2022002213430F4841F2BC
S11329B01C02B352E36A1A68294600F0BAF902B05D
S11329C0BDE8F081384641F21C02B35A1BB243F011
S11329D010039BB2B352626A294600F06FF961E7B3
S11329E0E2692946014800F019F9E8E7008000404F
S11329F02DE9F04F95B0039093469946DDF8788021
S1132A001F9D9DF8803000931F3121F01F0A5F4BFA
S1132A101B6853F8203000241C73012707FA0BF2BB
S1132A200192BDF80430B9FBF3F603FB1696311B93
S1132A3018BF01210291302104A8FFF72DFD1021B8
S1132A4010A8FFF729FD089409948DF828408DF803
S1132A5029408DF818B08DF819B0CDF82C908DF868
S1132A6038708DF8307010A90F918DF844408DF8AE
S1132A7045408DF84C408DF84E400098002874D0A5
S1132A80002E72D1D8F8003004932B680593D8F83F
S1132A9004306A6893426CD198F808102A7A9142FB
S1132AA06AD14646AAF12007A346BDF90420029242
S1132AB000F1FF3A5FFA8AFA2AE0ADF81AB0BDF8DD
S1132AC00430ADF81C30A2450EBFCDF834B007F188
S1132AD020030D93002C41D0394604A8FFF754FE7F
S1132AE00134E4B2009BA3423DD0D8F80C300493E7
S1132AF02946EB680593D8F810302A6993423ED1F1
S1132B000C360C35203798F814000A7D904239D1E0
S1132B10B3FBF9F30F9A1360B046337A032BD2D880
S1132B2001A252F823F000BFBB2A0000392B000099
S1132B30472B0000532B0000BDF80430ADF81A30C9
S1132B40ADF81CB0BFE7029BADF81A30ADF81C30ED
S1132B50B9E7ADF81AB0ADF81CB0B4E704A903980E
S1132B60FFF75AFEBCE700230293029815B0BDE8B4
S1132B70F08F01230293F8E701230293F5E7012381
S1132B800293F2E701230293EFE700BF1400002051
S1132B9000487047008000400AB981767047C176CA
S1132BA0704700EB4111002341F208028B5001F5FC
S1132BB08052136041F204028B5241F206028B529E
S1132BC041F20C028B5041F210028B5041F214027C
S1132BD08B5241F216028B5241F218028B5041F291
S1132BE01C028B5241F21E028B52704710B4DB0060
S1132BF0DCB29DF8083003F00703234343EAC22301
S1132C009DF80420120202F4E06213439BB2803167
S1132C1000EB4111CB805DF8044B7047036813F05F
S1132C20800F13D010B400EB411341F208041B5978
S1132C30002B11DB00EB41131B5913F0804F0BD118
S1132C4022F0404200EB4110025112E000EB41102F
S1132C5041F20803C250704700EB411041F20801F1
S1132C60435823F47F7323F00303C2F309021A4386
S1132C7042505DF8044B7047036813F0800F18D07E
S1132C8030B400EB411341F208041D591B5913F0F1
S1132C90804F01D1002D0BDA00EB411041F2080402
S1132CA0035904491940044B03EA82220A4302519E
S1132CB030BC7047FF0300C000FCFF3F00EB411134
S1132CC041F21803CA50704730B400EB411541F289
S1132CD01E042C5BC4F30E04FBB144F400442946E7
S1132CE041F21E054C5341F216000B5A6FEA43435E
S1132CF06FEA53439BB20B524B5B9BB2520202F4FA
S1132D00F05223F4F05313434B530B5A9BB223F466
S1132D10F0531A430A5230BC704700EB411141F2A0
S1132D201E03CC5241F216028B5AC3F30E038B528C
S1132D30F1E710B400EB411441F21E03E35A13F41B
S1132D40004F14D100EB411141F21E000B5AC2F3A3
S1132D500E0203F4004313430B5241F216000B5AC4
S1132D6003F400431A430A525DF8044B704741F2DE
S1132D701E00235AC2F3080203F47E431343235272
S1132D8041F21600235A03F47E431A432252EBE71E
S1132D9000EB411241F21E03D35A13F4004F07D142
S1132DA000EB411041F21603C05AC0F30E00704705
S1132DB041F21603D05AC0F30800704708B500204A
S1132DC0FFF772FB08BD08B50120FFF76DFB08BDD6
S1132DD008B50220FFF768FB08BD08B50320FFF71C
S1132DE063FB08BD08B50420FFF75EFB08BD08B50A
S1132DF00520FFF759FB08BD08B50620FFF754FB73
S1132E0008BD08B50720FFF74FFB08BD08B508202B
S1132E10FFF74AFB08BD08B50920FFF745FB08BDCD
S1132E2008B50A20FFF740FB08BD08B50B20FFF7E3
S1132E303BFB08BD08B50C20FFF736FB08BD08B501
S1132E400D20FFF731FB08BD08B50E20FFF72CFB62
S1132E5008BD08B50F20FFF727FB08BD38B50020D3
S1132E60FFF796FEC56A002404E06D080134E4B25D
S1132E70102C06D015F0010FF7D02046FFF72AFBDF
S1132E80F3E738BD03680B6043684B6083688B606D
S1132E90C3680B6103698B612C4BDB6CC3F3033395
S1132EA00F2B4DD8DFE803F0080F13171E21252937
S1132EB02D3034383C4044484FF48033CB600023F9
S1132EC04B61002070474FF0FF33CB60F7E74FF0C2
S1132ED0FF33CB60F3E74FF40043CB604FF48053F0
S1132EE04B61EEE70023CB60F8E74FF0FF33CB6094
S1132EF0E5E74FF0FF33CB60E1E74FF0FF33CB6002
S1132F00DDE70023CB60E9E74FF0FF33CB60D6E782
S1132F104FF48043CB60E1E74FF40043CB60DDE73F
S1132F204FF48033CB60CAE74FF0FF33CB60C6E782
S1132F304FF0FF33CB60C2E74FF48033CB60BEE782
S1132F40CB68B3F5803FC9D3B9E700BF0080044024
S1132F502DE9F04186B00C4616469846294B53F8A5
S1132F602070294B53F82050284600F089FC8442F5
S1132F7005D34FF44073184606B0BDE8F0815823DA
S1132F8003FB047393F854300BB10223F3E71F2CB3
S1132F9004D804F01F02012393402B63582303FB3E
S1132FA00473022283F854209DF8342083F85520BA
S1132FB0F27A83F856207368049333788DF80C30D2
S1132FC0337A8DF81430737A8DF81530B37A8DF81E
S1132FD01630F37A9BB11C2302930C9B0093434657
S1132FE002AA2146284600F0C7FD03460028C2D0A5
S1132FF0582202FB0474002284F85420BBE70C23FB
S11330000293EAE718000020309D00002DE9F0410A
S11330100D46174698461F4B53F820401E4B53F855
S11330202060204600F02CFC854204D34FF440730A
S11330301846BDE8F081236813F0005F09D0636B84
S1133040C3F303635B0007339D4202D84FF440731C
S1133050EEE7582303FB056393F854300BB10223C6
S1133060E6E7582303FB05F3F118012281F8542005
S1133070F75081F855802946204600F097FC034616
S11330800028D5D0582202FB0565002285F854207B
S1133090CEE700BF309D00001800002070B5064642
S11330A0264B53F8204094F8113B1BB394F854304A
S11330B0DBB2032B30D0256894F8100BFFF70AFB22
S11330C02B6813F4001F02D16A68920C6A60C3F380
S11330D0034385F84830AB681BBAAB60EB681BBA96
S11330E0EB60D4F8005BBDB12346002208213046D2
S11330F0A84711E0124B53F820500022052128461E
S113310000F054FC00220621284600F04FFC002267
S11331100721284600F04AFC0023236094F8553028
S113312043B994F85430DBB2032B1CBF002384F85A
S1133130543070BD201D04F0E9FAF2E718000020B5
S1133140309D000038B50C460E4B53F82050002239
S11331500D4B53F8200000F029FC582303FB0453C3
S113316093F8553033B9582303FB0454002384F8EF
S1133170543038BD582000FB0450043004F0C6FA23
S1133180F1E700BF18000020309D00002DE9F84F42
S1133190814688461746A74B53F820402368002BE6
S11331A005DB204600F02DFC204600F094FB62680D
S11331B07B7A5B0303F4005322F4005213436360ED
S11331C0204600F073FB204600F01BFC204600F074
S11331D08FFB236823F400633A7A002A40F01481B9
S11331E02360226D22F00042002315E1636B23F477
S11331F08053002A14BF4FF48052002213436363A8
S1133200BB79022B03D0236843F4003323607B791A
S1133210002B40F0B88097F83430012B00F0BC80CC
S113322097F834301BB9236823F400432360F979F9
S1133230204600F06BFC3968204600F01BFE024675
S1133240002840F0F380236813F4006F00F0AD8091
S1133250FB6838697E69BD69FA69216D01F0004136
S11332602165216D9B029BB2400100F478700343F9
S113327006F01F063343704800EA45552B431204F9
S113328002F4F81213430B4323653B6A786ABE6A5F
S1133290FD6A3A6BD4F804CC68490CEA0101C4F81D
S11332A0041CD4F8041C9B0203F4F8434001C0B28C
S11332B0034306F007063343614800EA05552B43F0
S11332C0120402F4E02213430B43C4F8043CB9791A
S11332D0204600F0ECFBBB79032B02D0204600F023
S11332E083FB584B13F9090010F1800F01D001F052
S11332F045FA554B13F9090001F040FA534B13F901
S1133300090001F03BFA524B13F9090010F1800F48
S113331001D001F033FA4E4B4B4493F9030010F102
S1133320800F01D001F02AFA08F1040A544600255E
S11333302E464FF0580B3146204604F013FA02464D
S1133340002851D184F8516044F8046C0BFB0583C8
S113335083F8546001355834202DECD197F834307B
S113336088F8113B97F8353088F8103B0023C8F8EB
S1133370003BC8F8043BC8F8083BC8F80C3B354B85
S113338043F8298052E03979204600F0E5FA0246F4
S113339000283FF440AF49E0236813F0005F2FD0CA
S11333A0236843F4004323603AE7FB6838697D6986
S11333B0BE69FA69616821F007010904090C6160BA
S11333C0616803F0070343EA06632D0405F4E0256E
S11333D02B43C00400F460100343920502F440023E
S11333E013430B43636072E765B10024504604F055
S11333F0C4F901340AF1580AAC42F7D1012215E0AC
S1133400012213E0012211E043F400632360226DE2
S113341022F000424FF000431343236523683A7AB5
S1133420C3F3C0239A423FF4E1AE01221046BDE843
S1133430F88F00BF309D00000000E07F188308C0B3
S11334400000F03F4C9D0000409D00003C9D0000AA
S1133450449D00001800002010B586B00D4C54F8AF
S113346020005468049414788DF80C40947A8DF8F4
S11334701640147A8DF81440527A8DF8152006AA55
S1133480082442F8104D0024009400F075FB06B0A7
S113349010BD00BF309D00002DE9F04F83B00D46F4
S11334A02D4E56F820702D4E56F8206001240194BC
S11334B00C9C0094FFF74CFD044618B1204603B061
S11334C0BDE8F08FA84601222946304600F06EFA86
S11334D0582000FB05700D99043004F0FDF8814676
S11334E00328EBD1582303FB057393F85430002BC6
S11334F0E4D000222946304600F058FA05F01F0BAC
S11335004FF0010A0AFA0BFA1F2D98BFC6F830A033
S11335102946304600F0F0FBB8F11F0FFCD8336B9E
S11335200AEA030323FA0BF313F0FF0FF4D029463E
S1133530304600F008FB0368C3F30363092B08BF9C
S11335404C461F2D98BFC6F830A0582303FB0575C1
S1133550002385F85430B1E718000020309D0000A6
S113356070B584B00D461E46164C54F82040506881
S1133570029010788DF80400127A8DF80C2004AAB9
S11335800F2042F8100D204600F0C0FB034610B196
S1133590184604B070BD04AA002342F8103D334617
S11335A02946204600F0B2FB03460028F0D104AAC5
S11335B0042342F8103D33462946204600F0A6FB7A
S11335C00346E5E7309D000008B50023FFF71EFD24
S11335D008BD000010B5074B53F82040064B53F8C4
S11335E02020D2F8083B0BB10A219847204600F06E
S11335F029FA10BD309D000018000020F8B5184BC2
S113360053F82040236813F4804F28D00546154B07
S113361053F82060D4F8083B13F4003F0CD0D4F8DE
S1133620083B43F40033C4F8083BD6F8007B1FB1D1
S1133630334600220521B847D4F8083B13F4803FF1
S11336400DD0D4F8083B43F48033C4F8083BD6F8D3
S1133650004B24B13346002206212846A047F8BD7A
S1133660309D0000180000202DE9F04194B005467B
S11336706E4B53F82040A36A226B134003F00103FE
S1133680002663B90136202E00F0B980A36A226BAC
S1133690134006F01F02D34003F00103F1E7002BAF
S11336A000F0AD80624B53F82570236813F0005F7F
S11336B001D0072E12D9582303FB067393F8543014
S11336C0DBB2012B43D0582303FB067393F8543029
S11336D0DBB2022B60D014B0BDE8F081052E10D00F
S11336E0062E27D0072EEED180232363D7F8008B34
S11336F0B8F1000FE7D03B46002203212846C0471B
S1133700E1E797F85430DBB2012BDCD1396820466D
S113371000F0A2F92846FFF7C1FC20232363D7F861
S1133720008BB8F1000FCED03B4600220121284681
S1133730C047C8E740232363D7F8008BB8F1000FD4
S1133740C1D03B46002202212846C047BBE7314690
S1133750204600F08AFB582303FB06F3FA5831464F
S1133760204600F037FB0028ADD1A3683146284637
S1133770FFF7E8FC1F2E04D806F01F020123934034
S11337802363D7F8008BB8F1000F9CD03B46324638
S113379000212846C04796E731462846FFF7D2FC69
S11337A0582303FB067393F8563083B91F2E04D8AD
S11337B006F01F02012393402363D7F8004B002C2B
S11337C089D03B46324604212846A04783E7314648
S11337D0204600F04AFB01AA3146204600F0FAFADE
S11337E0A3689DF8073003F00F03042BE5D11F2EC7
S11337F0E3D806F01F02012393402363DDE765B994
S1133800D4F8083BD4F8082B5B0C43EA124313F0BA
S1133810010F02D00020FFF7F1FEE369002B3FF413
S11338205AAF2846FFF7D6FE55E700BF309D00008B
S113383018000020034B53F82030C3F8001BC3F8D2
S1133840042B704718000020082817D909380628C7
S113385013D8DFE800F00406080A0C0E10000C2050
S1133860704710207047142070471820704720209C
S11338707047302070474020704700207047000098
S11338800346084A904209D002F58052904207D07C
S11338900020054A934208BF102070472020F8E713
S11338A0102070470040024000B00240036813F447
S11338B0801F0FD0036823F000430360036823F0E4
S11338C080430360036823F080530360036813F0AC
S11338D0006FFBD170470368002B07DB036843F0DC
S11338E000430360036813F4801FFBD0704700009B
S11338F070B50446036843F000730360236813F053
S1133900007FFBD1236843F4805323602046FFF7F4
S1133910B7FF04F18001860007D00B4601EB860156
S1133920002543F8045B8B42FBD104F5086230B1F7
S113393013463244002143F8041B9A42FBD14FF052
S1133940FF3323616361A3610022A2622363014BFD
S1133950236270BD06003B0038B504460D46FFF7F0
S11339608FFF0146236803F40063002B14BF01207A
S113397000201AD1236843F000532360626B2B06A6
S113398003F0706322F07062134363634FF0FF33FC
S1133990A36489B249B100236FF0604503F508724E
S11339A044F8225001338B42F8D138BD036803F048
S11339B07F038B4207D24FF440707047836A1943E8
S11339C08162002070471F290CD801F01F010123D8
S11339D003FA01F1002AF1D1836A23EA0101816229
S11339E00020704700207047036823F08053036071
S11339F0036823F080430360036813F0807FFBD1E6
S1133A007047036843F080430360036843F08053C6
S1133A1003600368002B0EDB0122036813F0807F30
S1133A20FBD03AB9036843F000430360036813F41E
S1133A30801FFBD07047036823F00043036000221B
S1133A40EBE70000026A034B134013B1014B03621E
S1133A50036A704706003B00F8B507460E4600F1BE
S1133A60880401F10805D0F88000C0F30340FFF793
S1133A70EBFE86F84800D7F88030336013F4001F5B
S1133A8010D0D7F8843073600646002348B19908F3
S1133A9054F8212012BA45F821200433B342F6D356
S1133AA0F8BDF8BDD7F884309B0C7360ECE708B51B
S1133AB004292AD8DFE801F00B181D030600FFF7DC
S1133AC0A0FF08BD036843F00043036008BD03681A
S1133AD023F400030360436823F00803436043684E
S1133AE023F48053436008BD436843F008034360F4
S1133AF008BD436843F480534360436823F00803DC
S1133B004360036823F40033036008BD036813F4BF
S1133B10006F07D0D0F8003C23F4403343EA01415E
S1133B20C0F8001C7047036813F4006F09D0D0F884
S1133B30000CC0F301400330012303FA00F0C0B2CB
S1133B4070470820FBE738B504460D46FFF7EBFF46
S1133B500830C0B24FF40073B3FBF0F3DBB2B5FB33
S1133B60F3F203FB12538008D20100FB0320203040
S1133B7004EB800038BD00002DE9F8430746894670
S1133B8014469846089DFFF7DEFF3B6803F07F0369
S1133B90994500F2A38006463B6813F0005F0FD0FE
S1133BA07B6BC3F303635B000733994508D84FF479
S1133BB04070BDE8F8837B6B4FF44070BDE8F88338
S1133BC03B6813F4006F07D0A37B2BB1D7F8003CFC
S1133BD043F00043C7F8003CD4F808905FFA89F337
S1133BE0402B9ABF424AD05CFF20074665B3FFF7DB
S1133BF02BFE39F003030DD0002399088A00083204
S1133C0055F8211009BAB1500433A26822F0030216
S1133C109A42F2D806F10801A26893420AD21D44DE
S1133C2083F0030215F801CB01F802C00133A26846
S1133C309A42F5D80546824206D282F00303607B9D
S1133C40C8540132AA42F8D1002333607360237947
S1133C50012B2FD0002322796AB9736823F0FF5314
S1133C6023F4E01373607268224B03EA884848EA3D
S1133C700202726000233F0407F470273B4322686A
S1133C800F2A28D01C2A08BF43F4801323F0706342
S1133C90217BD9B1120602F0706242F00042134354
S1133CA0A27B0AB143F0804332681343336000209F
S1133CB0BDE8F883736803F060437360726828F0AA
S1133CC06043134373604FF40013C4E7120602F019
S1133CD070621343E4E70020BDE8F8833B6813F007
S1133CE0005F7FF468AF4FF44070BDE8F88300BF15
S1133CF0509D00000000FC1F08B5FFF724FF036877
S1133D0023F0706343F01063036008BDF8B5044604
S1133D100E4615461F46FFF716FF236803F07F0380
S1133D209E423FD8236813F0005F46D1002303600E
S1133D3043602B79012B21D02B797BB9036823F4C1
S1133D40C0030360436823F0FF5323F4E01343608C
S1133D5042681F4B03EA8743134343602B680F2BCE
S1133D601ED0036823F07063036002682B681B068F
S1133D7003F07063134303600020F8BD036843F449
S1133D8000130360036823F480030360436803F0B3
S1133D9060434360426827F0604313434360CBE7CA
S1133DA00020F8BD236813F0005F03D0636B4FF469
S1133DB04070F8BD4FF44070F8BD636BC3F3036308
S1133DC05B0007339E42B1D84FF44070F8BD00BF8A
S1133DD00000FC1FF8B507460E461546FFF7B3FE74
S1133DE004460068C0F30340FFF72EFD85F8480041
S1133DF03B6813F0005F2FD07B6BC3F303635B005E
S1133E0007339E4228D84FF44070F8BD63686B6056
S1133E1030F0030608BF00230CD0002303F0FC029B
S1133E2002F10801615809BA2A4491600433DBB2F3
S1133E30B342F3D383420DD2D91D294483F0030244
S1133E400832A25C01F8012F0133DBB29842F5D1AC
S1133E500020F8BD0020F8BD23682B6013F4001F78
S1133E60D4D163689B0C6B60D2E708B5FFF76BFE97
S1133E70036808BD2DE9F84306460F46FFF753FED5
S1133E8004467D1E29463046FFF75DFE2044083077
S1133E9006F52073984203D94FF44070BDE8F883C7
S1133EA0A0463046FFF7ECFC874206D94FF4407039
S1133EB0BDE8F8830020BDE8F883336823F07F036E
S1133EC005F07F051D433560316811F000511CD1A8
S1133ED0002FEFD000252C4608F108093046FFF7E3
S1133EE032FE04604460B8F1000F06D000F108030C
S1133EF0484403F8014B9842FBD10135EDB2294601
S1133F00AF42EBD80020BDE8F8830020BDE8F88379
S1133F1008B50020FFF7A8FB08BD08B50020FFF78F
S1133F2059FB08BD08B50020FFF768FB08BD08B5BC
S1133F300020FFF799FB08BD08B50020FFF794FBAC
S1133F4008BD08B50120FFF78FFB08BD08B50120A7
S1133F50FFF740FB08BD08B50120FFF785FB08BD4E
S1133F6008B50220FFF780FB08BD08B50220FFF763
S1133F7031FB08BD08B50220FFF776FB08BD000041
S1133F80F8B5134B1A6A1D691540596A5A690A40F3
S1133F90996A9B690B400F490E6806F1500460361C
S1133FA0012715431D4302E09047B4420FD054F853
S1133FB0040F0028F9D00268002AF6D0037A07FA21
S1133FC003F3013B417A8B402B42EED0ECE7F8BD82
S1133FD000A0054024000020F8B50546427A416857
S1133FE0424B53F8214004EB8200D0F8803023F494
S1133FF04033C0F88030D0F8803023F00703C0F895
S11340008030531CDBB204EB8301D1F8806026F0CE
S11340100706C1F88060D0F8006426F00306C0F8F3
S11340200064D1F8000420F00300C1F80004012664
S113403006FA02F2626106FA03F363612361A26184
S1134040687A8219D2B204EB8201D1F8003123F0EC
S1134050300343F02003C1F8003104EB8001D1F8B0
S1134060003143F03003C1F800319640266195F8E1
S11340702A304BB1022B19D0012385F8303095F842
S11340808430002B2DD1F8BD012202FA00F0236AFE
S11340900643F6B2F64333402362636A1E40666207
S11340A0A36AC0B223EA0000A062E5E7636AF2B241
S11340B023EA02036362012202FA00F7A36AFAB256
S11340C023EA0203A362687FFEF704FB287FFEF75E
S11340D001FB236B46EA0702D2B223EA02022263FF
S11340E0CAE705F1340003F011FBCCE7949D00000E
S11340F070B504464268584B53F82230427A5969E5
S1134100D14011F0010F05D040F201218185012138
S1134110914059615869511CC9B2C84010F0010F4F
S11341200BD01869657AE84010F0010F24D040F2F2
S11341300220A085012088405861186920FA01F105
S113414011F0010F25D11969D14011F0010F5ED191
S11341509B6923FA02F212F0010F0CD0A38D022BFB
S113416004BF0023A3852046FFF736FF236A13B15B
S1134170616A0420984770BD4FF40073A3852046FC
S1134180FFF72AFF236A002BF5D0616A04209847C1
S113419070BD607A411CC9B203EB8101D1F8806221
S11341A094F82F5035BB012584F82F5094F82E50E5
S11341B0002DC8D003EB8006D6F8005125F0300559
S11341C045F02005C6F8005194F82E50002DBAD0C1
S11341D0A569012DB7D103EB8000D0F8005145F05B
S11341E03005C0F80051D1F8000140F03000C1F8AA
S11341F00001A8E7A569013DA56194F82E50002DA2
S1134200A1D025692E70256901352561DCE7616936
S113421079B1607A0139616199B994F88550002DBA
S113422008BFFF210906A03043F820106169002966
S11342308ED1186A01219140C9B220EA01011962A4
S113424086E794F82E1021B9E56815F8011BE5609E
S1134250E8E7FF21E6E700BF949D00002DE9F04F59
S1134260ABB045684A4C54F8255090F88660012458
S113427004FA06F690F88770BC402643F6B2EC6860
S113428036EA040404D040F205202BB0BDE8F08FD8
S1134290467A4C1C4461816102218185002180F8A9
S11342A0301080F8852080F82E3080F82F1005EB30
S11342B08601D1F8002504EBC4035B0203F5807387
S11342C0D2B213439BB2C1F80035437A05EB8302A3
S11342D0D2F8801021F0070141F00201C2F88010E9
S11342E00133DBB205EB8303D3F8801021F007011F
S11342F041F00101C3F88010D2F8001421F0030149
S113430041F00101C2F80014D3F8001441F0030194
S1134310C3F80014D2F8803023F4403343F48033DC
S1134320C2F8803090F82A30012B23D01BB1022B25
S113433030D00020A9E790F8282090F82E3003EB25
S113434042031B06427AA03245F82230012303FAC5
S113435006F2296A1E44F6B2B3401343DBB2194392
S11343602962696A0B436B62AB6AD2B21A43AA62CE
S113437000208AE790F8282090F82E3003EB4203BF
S11343801B06427AA03245F8223000207DE700BFA8
S1134390949D000000F1AD0727F01F0790F82E3020
S11343A0002B40F02B81C368069381690791012398
S11343B08DF82030427A05EB820202F283221892B1
S11343C019918DF8683090F88530002B00F01B812E
S11343D0002380F88930044600F1890309930123FE
S11343E00A938DF82C301B921C938DF87430407F07
S11343F00222029218AA019206AA009200223946C9
S1134400FEF7F6FA94F82E30002B40F00081BB8BB7
S113441043F00803BB8307F12008237F049394F837
S11344202E30002B00F0F880637A5A1CD2B202F1CD
S1134430A001890005EB010ECDF818E04FF0010C46
S1134440CDF81CC000208DF8200004F18A09CDF8B5
S11344506090CDF864C08DF86800D4F818C0BCF141
S1134460010F40F2F48005EB830ADAF8000120F032
S1134470300040F02000A14609F88B0FCDF82490BD
S11344804FF00109CDF8289000208DF82C0040331E
S113449005EB830305931B93CDF870908DF874009E
S11344A0CDF830E00CF1FF3BCDF834B08DF8380096
S11344B023691E93CDF87CB08DF88000DAF800B142
S11344C04BF0300BA2460AF88CBFCDF83CA0CDF8D7
S11344D040908DF84400059B2193CDF888908DF889
S11344E08C004FF00409403255F8222042F030028B
S11344F0234603F88D2F4FEA490A0AEB09002AAA3A
S113450002EB800040F8903C012340F88C3C0022F0
S113451000F8882CA1F5C071294440F8481C40F8E3
S1134520443C00F8402C09EB030A0AFA03FB0BEBAA
S11345300A012AA800EB810141F890EC41F88C3C77
S113454001F8882C0CF1FF3C2069844441F848CCE4
S113455041F8443C0BEB0A002AA901EB800000F867
S1134560402C09F10201029118A9019106A90091B8
S113457041460498FEF73CFABB8F43F00103BB8726
S1134580A369012B0BD9B7F87C3043F00103A7F8DA
S11345907C30B7F89C3043F00103A7F89C3008EB5B
S11345A04918B8F81C3043F00803A8F81C30607FA1
S11345B0FEF784F8207FFEF781F8731CDBB201223A
S11345C002FA03F3686AD9B20143696202FA06F691
S11345D0A96AF2B20A43AA6294F8281094F82E2029
S11345E002EB41021206617AA03145F821202A6BC0
S11345F03343DBB213432B63002046E60346FF221A
S113460003F8882FD0E6FF2380F88930E3E6002101
S1134610607FFEF78DF8FAE6627A0132D2B2A032F8
S113462001210391A3690B44029301910027009790
S113463004F18A0305EB82023946DDF81080404616
S1134640FEF70AF839464046FEF787F8AFE74FF021
S1134650010948E790F830300BB902207047018512
S11346600020704770B504460D46866990F83030D6
S1134670A3B990F82A30012B08D0022B09D005B138
S11346802E6094F830305BB9022070BDFFF730FD26
S1134690F5E7007FFEF76EF80646F0E70029EFD154
S11346A0A08D70BD38B5044690F82A30012B0ED089
S11346B01BB1022B16D0002002E0343003F00CF8BA
S11346C0002384F88430032810D0A08D38BD002541
S11346D029462046FFF7C6FF0228F9D0002384F8B4
S11346E08430F2E7343002F0F7FFE9E70323A385CF
S11346F02046FFF771FCE8E7F8B590F8304014B9AC
S113470002231846F8BD1F4615460E46044690F887
S11347102A30012B06D0012380F884300021343064
S113472002F0DAFFE66000233A4629462046FFF706
S113473095FD034618B1002284F88420E1E7069928
S11347402046FFF7AFFF0346DBE7000072B110B469
S1134750144600F11003084A52F823302360103045
S1134760054B43F820105DF8044B70471030024BA2
S113477043F82010704700BF0080FF1F420900F07B
S11347801F00012303FA00F0014B43F82200704795
S113479000E100E0430900F01F00012202FA00F0EA
S11347A02033024A42F82300704700BF00E100E0D2
S11347B0002808DB0901C9B200F1604000F561403E
S11347C080F800137047C0B2C0F38102012A0DD0F3
S11347D010B40A4C0A4B022A18BF234600F0030007
S11347E00901C9B219545DF8044B7047054B00F038
S11347F003000901C9B21954704700BF20ED00E05D
S11348001CED00E018ED00E030B4C36D44688D7A0F
S1134810CA7A954201D030BC70478A69002AFAD01E
S113482004F00F0201249440A4B203F007039C4255
S1134830F1D94B691B7803664B6901334B618B6972
S1134840013B8B61C26D02F00702002BE3D094425E
S1134850EFD8E0E7D0F8183123F4706323F00703AE
S1134860C0F8183191F86D303BB98B689BB9D0F81A
S11348701C3123F00103C0F81C31D0F8103123F0AF
S11348800103C0F8103100238B700B618B60CB6087
S11348904B60CB757047D0F81C3123F00203C0F88D
S11348A01C31EAE7F8B505460C4616461F468369EF
S11348B023F4E05323F00303836191F87930ABB11F
S11348C03FB12B6943F480732B612B6943F400736C
S11348D02B6116B14FF400732B6600236361A3614F
S11348E0E3602361012384F82230F8BD91F87A0053
S11348F0FDF7F0FE236923B1EB6923F00203EB61BA
S1134900DEE7EB6923F00103EB61D9E738B5044630
S11349100D4690F86D303BB1637D53B1236F13B1F5
S1134920616F0420984738BD90F86E00FDF7D2FE01
S1134930F2E721462846FFF78DFF94F86C30002BF0
S1134940ECD004F11C0002F0E1FEE7E730B585B0DD
S11349500C460B7C9BB100222C212078FDF7C6FE6F
S1134960A36862686178207800250395E46802945E
S1134970012401940095FDF76FFE05B030BD0022BF
S1134980094B13F810102078FDF7B0FE6368A26895
S11349906178207800250395E46802940124019449
S11349A00095FDF759FEE8E7989D000010B586B024
S11349B0224B53F8204063683BB394F86E308DF873
S11349C0043001238DF805301D4B0293E3680393F3
S11349D000238DF814306368049301A9FFF7B6FF30
S11349E0616849429DF80400FDF7ACFE9DF804009F
S11349F0FDF764FE6368CBB9124AD2F81C3143F068
S1134A000203C2F81C3106B010BD94F86E308DF864
S1134A10043000238DF805300B4B02932369039374
S1134A2001238DF81430A3680493D6E7054AD2F81D
S1134A301C3143F00103C2F81C31E4E72C000020D0
S1134A406061064000600640706106404A4B53F8BE
S1134A50203093F822300BB902207047F0B583B0B0
S1134A6017460E46054601A94420FDF711FD434AA9
S1134A70136923F0010313619FB3019B5A1E07EBD3
S1134A804701C7EB4111B2FBF1F20132012A18D9F7
S1134A900124204600FA04F18A4202D90134072C89
S1134AA0F8D107FA04F203EB5203B3FBF2F25F2AE4
S1134AB028BF5F22012A06D80322022701210846C3
S1134AC01DE00024EDE7023A2D49A1FB023149081B
S1134AD0521A49B9032A38BF032202270121084682
S1134AE00DE03E2207241F21032A38BF0322480871
S1134AF00F46022938BF0227002808BF01201F4B98
S1134B00D3F824C02CF0070C04F0070444EA0C0486
S1134B105C629C6C24F07C54000600F07C502043C2
S1134B2098649C6C24F47C14380400F47C102043B6
S1134B309864986C20F47C50090201F47C51014380
S1134B409964996C21F03F0102F03F020A439A6490
S1134B50094A52F825105A6A22F0E0625A625A6AE7
S1134B6022F400725A628E771A6942F001021A61C5
S1134B70002003B0F0BD00BF280000200060064004
S1134B80ABAAAAAA2DE9F04107460C46DFF85080EB
S1134B9048F8271000254D618D61CD600D6101231A
S1134BA081F82230CD728D720C4E304600F032FA0C
S1134BB0D4F88820A17F3846FFF748FF218C94F869
S1134BC0242058F82730198483F82420336943F0CB
S1134BD0010333612846BDE8F08100BF0060064050
S1134BE02800002070B50546914B53F82040914BA6
S1134BF05B6913F0010F3FD18E4B5B6913F0020F19
S1134C000FD094F88430002B00F0848094F878302E
S1134C10002B40F0AB800323A38321462846FFF7F3
S1134C20B1FF844B5B6913F4805F40F0BE80814B1D
S1134C305B6913F4006F40F0D3807E4B5B6913F41F
S1134C40806F00F0F38094F87830002B40F0E5801A
S1134C504FF40073A3830123002221467548FFF714
S1134C6021FEE36F1BB1D4F88010042098474FF461
S1134C708062704B5A6170BDE37AA27A9A4218D16D
S1134C806369002B40D0A369002B38D194F823200A
S1134C9021466848FFF706FE94F8783053BB00239A
S1134CA0A383E36F002BA7D0D4F880100420984787
S1134CB0A2E76049CA6D496801F00F0101268E40E0
S1134CC0B6B202F00702B24296D25A49E25C2344D9
S1134CD05B7903EB02230B66E37A0133DBB2E37205
S1134CE0CA6D02F00702A07A984200F09B809642B7
S1134CF0ECD881E704F1280002F008FDCFE7214653
S1134D004C48FFF781FD77E74A4A936923F0010392
S1134D10936171E7474BDB6D13F4E02F2BD02369CC
S1134D207BB1444AE368116F1970E3680133E360AF
S1134D302369013B2361D16D11F4E02F1BD0002BBB
S1134D40F0D1002394F8232021463A48FFF7AAFD26
S1134D5094F8783023BB0023A383E36F002B3FF444
S1134D6060AFD4F88010042098475AE704F1280073
S1134D7002F0CCFC4FE72369002BE2D02D4A926D60
S1134D80C2F3014293423FF64CAF2A498A6D22F4A2
S1134D904032013B1B0403F4403313438B6540E76B
S1134DA004F1280002F0B2FCD5E722484FF4805306
S1134DB043610123A38300222146FFF773FD94F886
S1134DC0783043B9E36F002B3FF431AFD4F880104F
S1134DD0042098472BE704F1280002F097FCF1E740
S1134DE014484FF400634361012300222146FFF776
S1134DF059FD94F878305BB940F20323A383E36F41
S1134E00002B3FF41AAFD4F880100420984714E71D
S1134E1004F1280002F07AFCEEE704F1280002F025
S1134E2075FC15E70023E372A372E5E670BD00BFCD
S1134E30280000200060064038B5744B53F8204029
S1134E40734BD3F8143113F0040F48D1704BD3F8DB
S1134E50143113F0010F05D06D4BD3F8183113F052
S1134E60010F77D16A4BD3F8143113F0020F06D037
S1134E70674BD3F8183113F0020F40F08C80644B69
S1134E80D3F81421D3F8143113F4807F00F0A880F0
S1134E90E37D0133DBB2E375012B00F098805C4BBA
S1134EA04FF40072C3F814214FF48072C3F8142134
S1134EB0D3F8182122F00102C3F818212388022B09
S1134EC004BF0023238052492046FFF71FFD504BA7
S1134ED0D3F8143113F4806F40F0878038BD054651
S1134EE04B4BD3F8503113F0010F1ED0236F0BB18D
S1134EF0627D72B994F86D30012B0ED000232376B5
S1134F0094F86D30ABB9637D9BB12846FFF74EFD35
S1134F100FE0616F02209847ECE73D4AD2F8183160
S1134F2043F00103C2F81831E8E7236F3BB1627D17
S1134F3012B90223238089E7616F0320984794F80C
S1134F406D30002BF5D1637D002BF2D02846FFF79E
S1134F502DFDEEE7237E13B140F201232380636825
S1134F606BB9236F23B1616F01209847636833B92C
S1134F7001232376FF22264BC3F8602172E7E368FE
S1134F801A78234BC3F86021E3680133E360636854
S1134F90013B636066E7A3686BB9236F23B1616F5C
S1134FA000209847A36833B940F202232380184BAA
S1134FB0D3F8703163E72369154AD2F870211A7067
S1134FC0236901332361A368013BA36057E7A37DF1
S1134FD0002B3FF464AF4FF480710D4BC3F81411F0
S1134FE012F4007F7FF45BAF71E70123238008494B
S1134FF04FF48063C1F81431D1F8183123F0010360
S1135000C1F818312046FFF781FC38BD2C00002080
S113501000600640036943F002030361D0F81031D5
S113502043F00203C0F8103100230361C0F81031CB
S1135030704708B50020FFF7D5FD08BD08B500206E
S1135040FFF7FAFE08BD000000230370012242703E
S1135050044941600372C360037443748374C3746A
S11350600275704740420F0070B582B006460C4688
S1135070264D05EB80014520FDF70AFA002002A920
S113508041F8040DFDF704FA55F82620019B03EBC3
S11350905203B3FBF2F213461D48816841F002014A
S11350A081602AB1013B00BF00BF00BF002BF9D1D2
S11350B017498B6823F002038B601346886840F01D
S11350C0010088602AB1013B00BF00BF00BF002B74
S11350D0F9D121780E4B9A6822F008029A609A68F6
S11350E0002914BF082300231A43094B9A606178EE
S11350F09A6822F004029A609B68002914BF042273
S113510000221343024A936002B070BD30000020B5
S113511000700340024A536919435161704700BF4C
S113512000700340024A936919439161704700BFBC
S113513000700340F8B506460C461746244D05EBAF
S113514080014520FDF7A4F955F82600214A0023E3
S1135150A0FB0701FBF7F8FD10F1FF3641F1FF3723
S1135160230103F1804303F55C339B6AC3F381039A
S1135170012B20D0022B24D1012F08BF002E12D3E3
S11351800120F8BD144A0023BB4208BFB24210D329
S1135190002F08BFB6F5803F05D3B0F10110060417
S11351A04FF6FF721643023424010C4B1E510020AB
S11351B0F8BD0120F8BD012F08BF002EE2D3012065
S11351C0F8BD012F08BF002EEDD30120F8BD00BFAC
S11351D03000002040420F00FEFF01000070034039
S11351E030B583B030238DF8043031238DF8053089
S11351F032238DF8063033238DF807300D4659B924
S1135200D37C002B40F0AC80564B996A21F002010C
S11352109962996A00230EE0D47C0B0103F1804368
S113522003F55C33996A21F002019962996A002CB2
S113523014BF02230023144619432B0103F18043B6
S113524003F55C3399621278996A21F00C01996232
S1135250996A920002F00C020A439A626378012B65
S113526068D06168AB1C1B013E4AD150227A2B01E5
S113527003F1804303F55C33996A21F400019962D8
S1135280996AD20502F400020A439A62E268996AB2
S113529021F070619962996A120602F070620A4301
S11352A09A62217C9A6A22F480229A629A6A00297C
S11352B014BF4FF4802300231A432B0103F18043CE
S11352C003F55C339A62617C9A6A22F400329A6232
S11352D09A6A002914BF4FF4003300231A432B01A8
S11352E003F1804303F55C339A62A17C9A6A22F449
S11352F080329A629A6A002914BF4FF480330023E3
S11353001A432B0103F1804303F55C339A62237D36
S1135310C3B914490B690122AA4023EA02030B61B1
S113532002AB1D4415F9040CFFF734FA00231846A8
S113533003B030BD62682946FFF7FCFE034600282F
S1135340F5D193E7074A11690123AB400B4313617D
S113535002AB1D4415F9040CFFF710FA0023E6E72D
S11353600123E4E700700340014BD868084070470C
S113537000700340014BD960DB6870470070034044
S1135380034B53F82020136843F4803313607047B1
S11353909C9D000060B170B506460C460025204671
S11353A000F080F801351834AE42F8D1002070BD09
S11353B000207047012A0AD012B1022A10D0704787
S11353C050F8213023F0020340F82130704750F8A0
S11353D0213023F0010343F0020340F821307047E9
S11353E050F8213043F0030340F82130704708B5EA
S11353F000F0E2F808BD50F8213023F470231204C1
S113540002F470221A4340F82120704750F82130EA
S113541043F0807340F82130704710B4436901248D
S11354208C4023EA04038A401A4342615DF8044B2A
S113543070470000194B984204D0194B984220D071
S1135440FF207047102927D8DFE801F0090C262631
S11354502626262626262626260F1215180042F072
S11354600100704742F00200704742F004007047A8
S113547042F00800704702F00E00704702F00D0081
S1135480704719B1012904D0FF20704702F00B00C6
S1135490704702F007007047FF20704700A00440E7
S11354A000B0044038B504460068616850F8212013
S11354B0237A012B3FD0002B3AD0022B40D0657ABF
S11354C02D0105F0100322F050051D43A37A9B0122
S11354D003F040032B4323F4E065E37A082B32D036
S11354E01B0203F4E0632B43227BD20392B223F426
S11354F078231343627B120402F470221343A27BC9
S11355000AB143F080732268616842F8213021684F
S1135510D1F8C02060680123834022EA0302E37BC0
S113552083401343C1F8C030E37A012B21D038BD46
S113553022F00202C3E722F0010242F00202BEE7B7
S113554042F00302BBE71B4B5A6802F00F02FFF75D
S113555071FFFF280BD0174B5A6822F00F025A60D4
S11355605A6800F00F00104358600023B8E7002386
S1135570B6E721694B69227D22B1012A0AD0012AAA
S113558005D10BE0616801228A4023EA0203226903
S11355905361CCE760680122824013436568086860
S11355A00122AA4020EA0200627DAA4002430A6066
S11355B0EDE700BF0080044070B505460E4650F884
S11355C02140082A08D024F4E064120202F4E062C4
S11355D0224345F8262070BD0A4B5A6802F00F0298
S11355E0FFF728FFFF280BD0064B5A6822F00F0262
S11355F05A605A6800F00F00104358600022E2E736
S11356000022E0E70080044008B5002000F006F81E
S113561008BD08B5012000F001F808BD2DE9F047E8
S113562082B00746304AC0EBC0039B00D118D1F8C2
S113563014A04FEA4A19D6584E44B37A002B42D1EB
S113564001F10C08B8F80230756805EB4305337AAC
S11356505BB100242A4621463846FBF78BFD023510
S11356600134E4B2337AA342F4D8B8F802201344E4
S1135670B8F8001093FBF1F201FB1233A8F80230E2
S1135680B37A23B9337D33BB002388F8053098F807
S11356900430ABB1C7EBC707134B53F82730CDF831
S11356A000A0B8F80220D2B9B8F80020013AADF849
S11356B004209944D9F81830D9F81C106846984742
S11356C002B0BDE8F087C0EBC008074B03EB8808C5
S11356D008F10608B6E73846FFF752FED7E7013A65
S11356E0ADF80420E5E700BF3400002000F1080312
S11356F043604FF0FF328260C360036100230360A4
S1135700704700230361704743684B609A688A605E
S11357109A685160996008610368013303607047B7
S113572030B40D68B5F1FF3F02D000F1080202E089
S1135730026904E01A4653681C68A542FAD2536809
S11357404B6099608A6051600861036801330360AB
S113575030BC70470369426881689160826841681F
S113576051605A68904204BF82685A600022026104
S11357701A68013A1A601868704710B5044601F0B7
S113578059FEA46B01F078FEB4FA84F0400910BD10
S113579070B504461646856B026C4AB9036853BB60
S11357A0406801F02BFB002363600135A56370BDE5
S11357B06EB9806804F076F9A368226C1344A36080
S11357C06268934219D32368A3600020EDE7C068A0
S11357D004F068F9236C5B42E2681A44E2602168D1
S11357E08A4202D262681344E360022E07D145B1B3
S11357F0013D0020D9E70020D7E70020D5E70020AD
S1135800D3E70020D1E770B582B00190846C64B115
S1135810A26BE36B9A4211D34FF0100383F3118808
S1135820BFF36F8FBFF34F8FFEE74FF0100383F387
S11358301188BFF36F8FBFF34F8FFEE7A26B9342C4
S113584003D80026304602B070BD0A4694F845508D
S11358506DB201A92046FFF79BFF0646B5F1FF3F55
S11358600AD1636A002BEDD004F1240001F0AEF9F3
S1135870002818BF0126E5E76B1C5BB284F84530AD
S1135880E0E7026C72B110B50346C4681444C46006
S11358904068844224BF1868D8600846D96804F078
S11358A001F910BD7047F8B5054601F0C3FD95F840
S11358B0454064B2002C1BDD002605F1240708E0F6
S11358C06B6AABB1384601F081F970B9013C64B23E
S11358D074B1AB6C002BF3D031462846FFF793FF2D
S11358E00028F3D001F002FAF0E701F0FFF9EDE748
S11358F0FF2385F8453001F0BFFD01F09BFD95F8CD
S1135900444064B2002C03DD2B6905F1100663B931
S1135910FF2385F8443001F0AFFDF8BD013C64B2CB
S1135920002CF5D02B69002BF2D0304601F04EF953
S11359300028F3D001F0DAF9F0E7000038B530B30D
S113594004460D4601F076FD2268216CE36B03FBEF
S113595001F3D01860600020A063A2605B1A1344B6
S1135960E360FF2384F8443084F84530C5B92369E3
S1135970F3B104F1100001F029F9C8B14FF08052DD
S11359800D4B1A60BFF34F8FBFF36F8F10E04FF0D2
S1135990100383F31188BFF36F8FBFF34F8FFEE7BC
S11359A004F11000FFF7A2FE04F12400FFF79EFEAD
S11359B001F062FD012038BD04ED00E040B94FF074
S11359C0100383F31188BFF36F8FBFF34F8FFEE78C
S11359D010B582B0044653B192B1D9B94FF0100357
S11359E083F31188BFF36F8FBFF34F8FFEE74FF040
S11359F0100383F31188BFF36F8FBFF34F8FFEE75C
S1135A0039B34FF0100383F31188BFF36F8FBFF3E3
S1135A104F8FFEE74C20019001984C2808D04FF09E
S1135A20100383F31188BFF36F8FBFF34F8FFEE72B
S1135A3069B91B6022461C46DA63196401211846C1
S1135A40FFF77CFF0023A364204602B010BD1A6058
S1135A50F0E74C220192019A4C2AE0D1E9E740B9DF
S1135A604FF0100383F31188BFF36F8FBFF34F8F91
S1135A70FEE7884208D24FF0100383F31188BFF386
S1135A806F8FBFF34F8FFEE710B582B013460C46FD
S1135A900222009200221146FFF790FF034600B154
S1135AA08463184602B010BD2DE9F04784B001921A
S1135AB098B10446D1B1022B24D01E460F4601F002
S1135AC031F958BB019B7BB34FF0100383F311886A
S1135AD0BFF36F8FBFF34F8FFEE74FF0100383F3D5
S1135AE01188BFF36F8FBFF34F8FFEE7026C002A5C
S1135AF0E1D04FF0100383F31188BFF36F8FBFF32E
S1135B004F8FFEE7E26B012AD7D04FF0100383F3E7
S1135B101188BFF36F8FBFF34F8FFEE700254FF05F
S1135B200008DFF82C9141E00025F8E732463946B9
S1135B302046FFF72DFEA36C93B131462046FFF7B4
S1135B4062FE38B14FF08052414B1A60BFF34F8F61
S1135B50BFF36F8F01F090FC012004B0BDE8F08723
S1135B60636A73B104F1240001F030F80028F1D025
S1135B704FF08052364B1A60BFF34F8FBFF36F8FD5
S1135B80E8E70028E6D04FF08052314B1A60BFF3AB
S1135B904F8FBFF36F8FDDE701F06EFC0020DCE771
S1135BA02046FFF780FE00F00FFE012501F042FCC5
S1135BB0A26BE36B9A42B9D3022EB7D0019B002BA0
S1135BC0EAD015B902A801F045F801F055FC00F03F
S1135BD059FD01F02FFC94F844305BB2B3F1FF3F60
S1135BE008BF84F8448094F845305BB2B3F1FF3FBA
S1135BF008BF84F8458001F03FFC01A902A801F028
S1135C0035F8E8B901F016FCD4F838A0E56B01F0DA
S1135C1033FCAA45C4D1019904F1100000F0A0FF9F
S1135C202046FFF740FE00F0CFFD0028BDD14FF025
S1135C308053C9F80030BFF34F8FBFF36F8FB4E7C1
S1135C402046FFF730FE00F0BFFD002085E700BFCF
S1135C5004ED00E010B582B000900B46002211461E
S1135C600120FFF7ABFE044638B10021416001601A
S1135C70C1600B460A46FFF717FF204602B010BD6D
S1135C802DE9F843002836D0044600293CD0022BE5
S1135C9046D01F469046894601F0F0FCEFF311868A
S1135CA04FF0100383F31188BFF36F8FBFF34F8F4F
S1135CB0A26BE36B9A4201D3022F51D194F8455061
S1135CC06DB23A4649462046FFF762FDB5F1FF3F03
S1135CD040D1A36C83B339462046FFF794FD0028D6
S1135CE040D0B8F1000F3FD00120C8F8000086F37F
S1135CF01188BDE8F8834FF0100383F31188BFF3D4
S1135D006F8FBFF34F8FFEE7006C0028BFD04FF0BA
S1135D10100383F31188BFF36F8FBFF34F8FFEE738
S1135D20E06B0128B5D04FF0100383F31188BFF363
S1135D306F8FBFF34F8FFEE7636ABBB104F124009A
S1135D4000F044FFA0B1B8F1000F13D00120C8F84F
S1135D500000CCE76B1C5BB284F845300120C6E739
S1135D600020C4E70120C2E70120C0E70120BEE70C
S1135D700120BCE70120BAE760B170B50446036CAA
S1135D808BB14FF0100383F31188BFF36F8FBFF310
S1135D904F8FFEE74FF0100383F31188BFF36F8F2B
S1135DA0BFF34F8FFEE703682BB30E4601F066FC8A
S1135DB0EFF311854FF0100383F31188BFF36F8F56
S1135DC0BFF34F8FA26BE36B9A4231D294F8453004
S1135DD05BB20132A263B3F1FF3F23D1A36CB3B131
S1135DE000212046FFF70FFD20B32EB301203060C1
S1135DF085F3118870BD4368002BD6D04FF0100393
S1135E0083F31188BFF36F8FBFF34F8FFEE7636A8D
S1135E10A3B104F1240000F0D9FE88B196B10120A9
S1135E203060E5E701335BB284F845300120DFE7F9
S1135E300020DDE70120DBE70120D9E70120D7E7D7
S1135E400120D5E70120D3E72DE9F04385B0019285
S1135E5080B10446B9B10E4600F064FFF8B9019B65
S1135E601BB34FF0100383F31188BFF36F8FBFF39D
S1135E704F8FFEE74FF0100383F31188BFF36F8F4A
S1135E80BFF34F8FFEE7036C002BE4D04FF01003F9
S1135E9083F31188BFF36F8FBFF34F8FFEE70027A3
S1135EA04FF00008DFF8F4902AE00027F8E73146C5
S1135EB02046FFF7E6FC013DA563236963B104F1C5
S1135EC0100000F083FE38B14FF08052334B1A605B
S1135ED0BFF34F8FBFF36F8F01F0CEFA012005B0EF
S1135EE0BDE8F08301F0C8FA0020F8E702A800F04A
S1135EF0B1FE0FE02046FFF7D6FC00F065FC012759
S1135F0001F098FAA56B002DD1D1019B002BE9D0AB
S1135F10002FEBD001F0B0FA00F0B4FB01F08AFAE4
S1135F2094F844305BB2B3F1FF3F08BF84F8448077
S1135F3094F845305BB2B3F1FF3F08BF84F8458065
S1135F4001F09AFA01A902A800F090FEC8B920460F
S1135F50FFF713FC0028CDD0019904F1240000F0D0
S1135F60FFFD2046FFF79FFC00F02EFC0028C6D161
S1135F704FF08053C9F80030BFF34F8FBFF36F8FDA
S1135F80BDE72046FFF78FFC00F01EFC2046FFF71C
S1135F90F4FB0028B3D00020A1E700BF04ED00E02B
S1135FA02DE9F04184B0019158B10446036C8BB1E2
S1135FB04FF0100383F31188BFF36F8FBFF34F8F3C
S1135FC0FEE74FF0100383F31188BFF36F8FBFF325
S1135FD04F8FFEE700F0A6FE50B9019B73B14FF05E
S1135FE0100383F31188BFF36F8FBFF34F8FFEE766
S1135FF000252E460027DFF84C814AE000252E4676
S1136000F8E7013BA363236813B900F0AFFF6060B6
S1136010236963B104F1100000F0D8FD38B14FF0EA
S11360208052484B1A60BFF34F8FBFF36F8F01F05C
S113603023FA0125284604B0BDE8F08145B14FF0AC
S1136040100383F31188BFF36F8FBFF34F8FFEE705
S113605001F012FAEEE702A800F0FCFD23E001F0E3
S1136060E9F9606800F06EFE054601F005FA40E0CB
S11360702046FFF718FC00F0A7FB09E02046FFF7D5
S113608012FC00F0A1FB2046FFF777FB002845D166
S1136090012601F0CFF9A36B002BB2D1019B002B99
S11360A0CCD0002ED7D001F0E7F900F0EBFA01F0E4
S11360B0C1F994F844305BB2B3F1FF3F08BF84F8F0
S11360C0447094F845305BB2B3F1FF3F08BF84F8E5
S11360D0457001F0D1F901A902A800F0C7FD00281C
S11360E0CCD12046FFF749FB0028C1D02368002B00
S11360F0B5D0019904F1240000F032FD2046FFF7E9
S1136100D2FB00F061FB0028C2D14FF08053C8F8E5
S11361100030BFF34F8FBFF36F8FB9E7002D89D0E5
S113612001F088F9636A53B1236B1968C1F1050161
S1136130606800F0BBFE01F09FF900257AE70021BA
S1136140F6E700BF04ED00E010B40B4B1B6853B13D
S11361500123094C54F8332032B10133142BF9D103
S11361605DF8044B70470023034A42F8331002EBF6
S1136170C3035860F4E700BF6C0000200B4B5B685E
S1136180984209D0094A0123D168814205D00133DC
S11361900832142BF8D170470023044A002142F836
S11361A0331002EBC3035960704700BF6C0000203A
S11361B008B540B94FF0100383F31188BFF36F8F14
S11361C0BFF34F8FFEE7FFF7D9FF08BD70B5044654
S11361D00D46164601F02EF994F844305BB2B3F143
S11361E0FF3F04BF002384F8443094F845305BB289
S11361F0B3F1FF3F04BF002384F8453001F03CF9BC
S1136200A36B1BB12046FFF74EFB70BD32462946F7
S113621004F1240000F0BCFCF4E7000058B141692B
S11362200B4A914210D1806A0A4B98420ED0B0FAC0
S113623080F0400970474FF0100383F31188BFF3D7
S11362406F8FBFF34F8FFEE7002070470020704729
S1136250DC010020C4010020084B1B681B683BB113
S1136260064B1B68DB68DB685A68054B1A6070478D
S11362704FF0FF32024B1A60704700BF100100203C
S1136280BC01002070B504460E461D4B1D681D4B15
S113629018680430FFF75EFA48B91A4B1A681A49AD
S11362A00B68D06A0122824023EA02030B60B4F136
S11362B0FF3F13D02C44134B1B685C60A54216D8D7
S11362C0124B18680F4B19680431FFF729FA104B69
S11362D01B689C423CBF0E4B1C6070BD002EE9D075
S11362E0084B196804310B48FFF70EFA70BD0A4BCE
S11362F01868044B19680431FFF712FA70BD00BF27
S1136300040200200C010020900100201001002054
S1136310BC010020DC0100201401002080B5134CD6
S1136320134E144F01E002F00EFF236893B1124D97
S113633001F080F8F368D8680430FFF70BFA2B6893
S1136340013B2B602368013B236001F095F823682F
S1136350002BEDD1094B1B68012BE4D94FF080537E
S11363603B60BFF34F8FBFF36F8FDCE780010020EA
S1136370F001002004ED00E07C0100201801002061
S11363802DE9F04782B080460B980C9C70B1B4B1F3
S113639068250195019D682D1AD04FF0100383F3F1
S11363A01188BFF36F8FBFF34F8FFEE74FF01003D9
S11363B083F31188BFF36F8FBFF34F8FFEE74FF066
S11363C0100383F31188BFF36F8FBFF34F8FFEE782
S11363D01F460D46206396003246A52103F06DFB4F
S11363E0043E236B1E4426F007092B7884F83430CE
S11363F02B785BB12B4604F134020F35597802F83F
S1136400011F13F8011F09B19D42F7D1002584F83B
S113641043500A9E042E28BF0426E6626664A564DF
S113642004F1040A5046FFF76CF904F11800FFF771
S113643068F92461C6F10506A6616462E564256510
S11364406565A565E565256684F864503A46414668
S1136450484600F0C1FF206000F0ECFF364A1368A4
S113646001331360354B1B68002B57D1334B1C6031
S11364701368012B28D1324D2846FFF737F905F16F
S11364801400FFF733F905F12800FFF72FF905F1A0
S11364903C00FFF72BF905F15000FFF727F9294ECF
S11364A03046FFF723F9284D2846FFF71FF9274800
S11364B0FFF71CF92648FFF719F92648FFF716F9E4
S11364C0254B1E60254B1D60254A1368013313605C
S11364D0E06A244A1168012383400B43136000EBF4
S11364E080005146164B03EB8000FFF70DF900F0D6
S11364F0C3FF1D4B1B686BB1104B1B68DA6AE36A60
S11365009A4207D24FF08052184B1A60BFF34F8F54
S1136510BFF36F8F204602B0BDE8F087124B1B68B3
S1136520002BD1D1054B1B68DA6AE36A9A429CBFFF
S1136530024B1C60C8E700BF7C0100200C01002056
S11365401801002094010020A8010020C4010020AB
S1136550F0010020DC0100201001002014010020C3
S11365608C01002090010020D801002004ED00E0FF
S113657038B568B104461C4B1B68984207D000F03C
S113658059FF2046FFF74AFE58B900F075FF38BDA1
S11365904FF0100383F31188BFF36F8FBFF34F8F56
S11365A0FEE7251D2846FFF7D5F8E06A0F4A116873
S11365B0012383400B43136000EB800029460C4BFE
S11365C003EB8000FFF7A0F8074B1B68E26ADB6A65
S11365D09A42DAD34FF08052064B1A60BFF34F8FC2
S11365E0BFF36F8FD1E700BF0C01002090010020A2
S11365F01801002004ED00E010B588B000240594D3
S1136600069407AA06A905A802F07CFD059B02933F
S1136610069B019300942346079A15491548FFF7F2
S1136620AFFE08B908B010BD00F00AFD012813D16F
S11366304FF0100383F31188BFF36F8FBFF34F8FB5
S11366404FF0FF320C4B1A6001220C4B1A600C4BBA
S11366501C6000F087FFE5E7B0F1FF3FE2D14FF0A7
S1136660100383F31188BFF36F8FBFF34F8FFEE7DF
S1136670A49D00001D630000BC010020D80100207F
S113668004020020024A136801331360704700BFFC
S113669088010020014B1868704700BF04020020E5
S11366A02DE9F0473D4B1B68002B6AD13C4B1D681C
S11366B001351D60C5B93B4B1B681B6843B14FF0E6
S11366C0100383F31188BFF36F8FBFF34F8FFEE77F
S11366D0344A1168344B186810601960334A1368DF
S11366E001331360FFF7B8FD314B1B689D420CD298
S11366F00024304B1B68DB6A03EB83039B002E4AA8
S1136700D358022B28BF012440E00024DFF89480F2
S11367102A4FDFF8A4A01FE04FF0FF32244B1A6089
S1136720E7E7234A1360E4E706F11800FFF712F8DD
S1136730F06A3A680123834013433B6000EB800016
S113674049460AEB8000FEF7DFFF1A4B1B68F26A2A
S1136750DB6A9A4228BF0124D8F800301B68002B5A
S1136760DAD0D8F80030DB68DE6873689D42D8D38D
S113677006F104094846FEF7EDFFB36A002BD3D1B6
S1136780D6E70F4A13680133136000240D4B1B68CE
S1136790002B0CBF20460120BDE8F08788010020B3
S11367A0040200201001002014010020C001002078
S11367B0BC0100200C0100201801002090010020E1
S11367C08401002008020020364B1B6843B94FF0B7
S11367D0100383F31188BFF36F8FBFF34F8FFEE76E
S11367E02DE9F04100F026FE2E4B1A68013A1A609A
S11367F01B68002B51D12C4B1B682BB9002400F0D3
S11368003BFE2046BDE8F0810024284E284DDFF8E9
S1136810B480336803B3F368DC6804F11800FEF74E
S113682099FF271D3846FEF795FFE06A2A68012381
S1136830834013432B6000EB8000394608EB800053
S1136840FEF762FF1B4B1B68E26ADB6A9A42E0D3E5
S11368500122194B1A60DCE70CB1FFF7FDFC174B62
S11368601C686CB1144E012501E0013C05D0FFF712
S113687017FF0028F9D03560F7E700220F4B1A60A4
S11368800D4B1B685BB14FF080520D4B1A60BFF388
S11368904F8FBFF36F8F0124B1E70024AFE70024CB
S11368A0ADE700BF880100207C010020C401002066
S11368B0900100200C010020080200208401002027
S11368C004ED00E01801002038B550B1054689B93F
S11368D04FF0100383F31188BFF36F8FBFF34F8F13
S11368E0FEE74FF0100383F31188BFF36F8FBFF3FC
S11368F04F8FFEE7194B1B6843B14FF0100383F32E
S11369001188BFF36F8FBFF34F8FFEE70C46FFF77D
S1136910B9FE134B18682A681444904214D2A24258
S113692016D92C60A04203D20021201AFFF7AAFC3A
S1136930FFF74AFF80B94FF080520A4B1A60BFF349
S11369404F8FBFF36F8F38BDA24203D8A04201D34B
S11369502C60EDE72C60E7E738BD00BF880100201C
S11369600402002004ED00E010B5A8B104460F4B6A
S11369701B6843B14FF0100383F31188BFF36F8F8B
S1136980BFF34F8FFEE7FFF77DFE00212046FFF7A0
S113699079FCFFF719FF38B94FF08052044B1A60A5
S11369A0BFF34F8FBFF36F8F10BD00BF880100206E
S11369B004ED00E02B4B1B6853BB10B500222A4B9F
S11369C01A602A4B1B681B6B1A68B2F1A53F03D1EE
S11369D05A68B2F1A53F1FD0244B186819683431A6
S11369E002F0A8FB224B1B68B3FA83F3DBB2C3F1BA
S11369F01F0303EB830292001E498A58AAB94FF081
S1136A00100383F31188BFF36F8FBFF34F8FFEE73B
S1136A100122154B1A6070479A68B2F1A53FDBD189
S1136A20DB68B3F1A53FD7D1DCE7124A9900C81857
S1136A3002EB8000446864684460194402460832EA
S1136A40944209D003EB83030A4A02EB83035B6895
S1136A50DA68064B1A6010BD6068064A02EB8102D0
S1136A605060EFE788010020080200200C0100209C
S1136A70900100201801002038B5044600F0DAFC2B
S1136A8074B3251D2846FEF765FE68B9E16A01EB7B
S1136A9081039B002A4AD35833B92A480368012248
S1136AA08A4023EA02030360A36A1BB104F11800BD
S1136AB0FEF750FE29462448FEF726FE94F864307B
S1136AC0DBB2012B04BF002384F8643000F0D4FC53
S1136AD01E4B1B683BB91E4B1B689C420AD038BD39
S1136AE01B4B1C68CDE700F0A5FCFFF7B5FB00F0DD
S1136AF0C3FCF0E7154B1B68A3B1164B1B6843B1ED
S1136B004FF0100383F31188BFF36F8FBFF34F8FE0
S1136B10FEE74FF08052104B1A60BFF34F8FBFF364
S1136B206F8F38BD084B1A680C4B1B689A4203D10F
S1136B300022074B1A6038BDFFF73CFFCFE700BFC8
S1136B401801002090010020DC010020D801002061
S1136B500C0100208801002004ED00E07C010020ED
S1136B6040B94FF0100383F31188BFF36F8FBFF365
S1136B704F8FFEE710B50C46044B19681831FEF729
S1136B80CFFD01212046FFF77DFB10BD0C01002045
S1136B9038B578B114460D460B4B19681831FEF719
S1136BA0B3FD002C21460CBF28464FF0FF30FFF701
S1136BB069FB38BD4FF0100383F31188BFF36F8F67
S1136BC0BFF34F8FFEE700BF0C01002038B5C36848
S1136BD0DC682CB304F118052846FEF7BBFD174BFF
S1136BE01B6833BB251D2846FEF7B4FDE06A144A32
S1136BF01168012383400B43136000EB8000294696
S1136C00104B03EB8000FEF77FFD0F4B1B68E26A1D
S1136C10DB6A9A4283BF01200C4B1860002038BD08
S1136C204FF0100383F31188BFF36F8FBFF34F8FBF
S1136C30FEE729460648FEF767FDE6E788010020DF
S1136C4090010020180100200C01002008020020FF
S1136C50C4010020034B1B680360034B1B684360A3
S1136C60704700BFC001002004020020E8B170B5E5
S1136C70054619B30C4600F0DDFB1A4B1A68696827
S1136C802368B3F1FF3F29D0174800682E68864275
S1136C9001D08A4224D2521A9A4218D30023236084
S1136CA0012400F0E9FB204670BD4FF0100383F38C
S1136CB01188BFF36F8FBFF34F8FFEE74FF01003C0
S1136CC083F31188BFF36F8FBFF34F8FFEE79B1AD7
S1136CD023602846FFF7BEFF0024E2E70024E0E734
S1136CE00124DEE704020020C00100200122014B40
S1136CF01A60704708020020034660B1196B0B78D4
S1136D00A52B0BD14B1C581A13F8012BA52AFAD02A
S1136D10C0F38F007047024B1B68EFE70020F7E7D2
S1136D200C010020054B1B6833B1054B1B68002B7D
S1136D300CBF02200020704701207047D8010020BA
S1136D4088010020002850D038B50446C26A28497A
S1136D500968C96A8A423FD28169002905DB24494E
S1136D600968C96AC1F10501816102EB8202214906
S1136D7001EB82026169914205D01D4A1268D26A10
S1136D80E262012038BD251D2846FEF7E3FC70B9F8
S1136D90E26A02EB82039B001649CB583BB91648C2
S1136DA00368012101FA02F223EA02020260104B95
S1136DB01B68D86AE062104A1168012404FA00F3DF
S1136DC00B43136000EB800029460A4B03EB800061
S1136DD0FEF79AFC204638BD054A1268406CD36A17
S1136DE098422CBF0020012038BD0020704700BF0E
S1136DF00C0100201801002090010020002849D037
S1136E0038B50446264A1268904208D04FF0100361
S1136E1083F31188BFF36F8FBFF34F8FFEE7826C4C
S1136E2042B94FF0100383F31188BFF36F8FBFF3A0
S1136E304F8FFEE7013A8264C06A616C88422BD0AE
S1136E4062BB251D2846FEF785FC68B9E16A01EBA3
S1136E5081039B00134AD35833B9134803680122B2
S1136E608A4023EA02030360606CE062C0F1050318
S1136E70A3610D4A1168012404FA00F30B43136063
S1136E8000EB80002946074B03EB8000FEF73CFC37
S1136E90204638BD00207047002038BD002038BD92
S1136EA00C0100201801002090010020002855D07A
S1136EB038B50446806C40B94FF0100383F3118851
S1136EC0BFF36F8FBFF34F8FFEE7626C8A4238BF08
S1136ED00A46E16A914201D0012800D038BD204819
S1136EE00068844208D14FF0100383F31188BFF384
S1136EF06F8FBFF34F8FFEE7E262A0690028A4BF43
S1136F00C2F10502A26101EB8101164A02EB810183
S1136F1062698A42E2D1251D2846FEF71BFC68B946
S1136F20E16A01EB81039B000E4AD35833B90E4842
S1136F30036801228A4023EA02030360E06A0A4AE2
S1136F401168012383400B43136000EB8000294642
S1136F50044B03EB8000FEF7D7FBBFE7704700BF8D
S1136F600C0100201801002090010020054B1B6833
S1136F7023B1044B1A68936C01339364014B186872
S1136F80704700BF0C01002008B5416000619142C8
S1136F900CD8D21A83699A4201D3012008BD011D7D
S1136FA0094B1868FEF7BCFB002008BD9A4201D2C9
S1136FB0994206D2011D054B1868FEF7B1FB00206B
S1136FC008BD012008BD00BF100200200C020020F3
S1136FD030B583B000F02EFA114B1B681BB100F0E2
S1136FE04BFA03B030BD0F4D2846FEF77FFB0E4C25
S1136FF02046FEF77BFB0D4B1D600D4B1C600023F0
S113700000930C4B0C4A0C210A20FEF7D7FC044BCE
S113701018600028E3D00949FFF796F8DFE700BFBE
S1137020040300208C020020A00200200C02002097
S113703010020020B802002014020020AC9D0000C1
S113704010B588B0FFF7C4FF124B1B68CBB1002406
S11370500594069407AA06A905A802F05FF8059B03
S11370600293069B0193032300932346079A0A493C
S11370700A48FFF785F90A4B186010B1012008B0DF
S113708010BD4FF0100383F31188BFF36F8FBFF36C
S11370904F8FFEE704030020B49D0000AD71000093
S11370A008030020D8B130B585B015460446144A0B
S11370B0106810B31A46019102950394052917DC50
S11370C0FFF730FE02284FF000030CBF089A1A465F
S11370D001A90B480068FEF7E7FC05B030BD4FF08E
S11370E0100383F31188BFF36F8FBFF34F8FFEE755
S11370F0002301A9FEF7C4FDEFE70020EDE700BF80
S1137100040300202DE9F04782B00746FFF7C2FAD6
S11371100646234B1B68984219D300233B60204B3F
S11371201E60304602B0BDE8F087CDF800804346CB
S1137130524641462046FFF7B5FF58B94FF01003B9
S113714083F31188BFF36F8FBFF34F8FFEE7154DA5
S11371504FF000082B681A68CAB1DB68D3F800A0A6
S1137160DC6804F104094846FEF7F4FA636A204631
S11371709847E369012BEDD1A36953449A45D4D2CE
S11371806360246149462868FEF7CAFAE2E7064AC2
S1137190106804490860136001233B60BFE700BF27
S11371A0B40200200C020020100200202DE9F0435C
S11371B087B0664F664DDFF8A0813B681A6872B1EC
S11371C0DB681C68FFF75EFA03A8FFF79BFF06461F
S11371D0039B002B7FD1A0424ED200220FE0FFF789
S11371E051FA03A8FFF78EFF0646039B002B72D1CA
S11371F0584B1B681A68B2FA82F252090024A11B88
S11372002868FEF7E3FFFFF7DFFA38B94FF0805341
S1137210C8F80030BFF34F8FBFF36F8F00242246AE
S113722003A92868FEF710FE0028C6D0039B002B94
S1137230F5DB059E736913B1301DFEF78BFA02A8C6
S1137240FFF760FF039B092BE9D801A252F823F052
S1137250DD720000DD720000DD7200001F720000AC
S1137260257300001F720000DD720000DD72000053
S11372701F72000025730000FFF7A6FA3B68DB6865
S1137280D3F80C9009F10400FEF764FAD9F81C3025
S1137290012B04D0D9F8243048469847BEE7D9F8E2
S11372A018102346324621444846FFF76DFE002855
S11372B0F0D0002100910B4622464846FFF7F2FE2B
S11372C00028E7D14FF0100383F31188BFF36F8FC9
S11372D0BFF34F8FFEE7FFF777FA9FE704990B465A
S11372E00246B06901443046FFF74EFE002896D0AE
S11372F0736A30469847F369012B90D1B2690094C0
S1137300234604990A4421463046FFF7CBFE002861
S113731085D14FF0100383F31188BFF36F8FBFF350
S11373204F8FFEE70499B16131B10346024601442F
S11373303046FFF729FE72E74FF0100383F31188FC
S1137340BFF36F8FBFF34F8FFEE700BF0C02002027
S1137350040300201002002004ED00E082B00023AA
S113736001930D4B1B68B3F1FF3F08D04FF010039E
S113737083F31188BFF36F8FBFF34F8FFEE74FF096
S1137380100383F31188BFF36F8FBFF34F8F019BFB
S1137390002BFCD002B070476489FF1F08480068C6
S11373A0006880F308884FF0000080F3148862B608
S11373B061B6BFF34F8FBFF36F8F00DF00BF0000D4
S11373C008ED00E0DFF80C00016841F47001016091
S11373D07047000088ED00E04FF0807340F8043CF3
S11373E021F0010140F8081C054B40F80C3C40F822
S11373F0202C6FF0020340F8243C4438704700BF4F
S11374005D730000000000000000000000000000A8
S1137410074B19680868B0E8F04F80F30988BFF398
S11374206F8F4FF0000080F311887047AFF3008036
S11374300C0100204FF0100383F31188BFF36F8F0A
S1137440BFF34F8F0A4A136801331360012B0DD128
S1137450084B1B6813F0FF0F08D04FF0100383F3A1
S11374601188BFF36F8FBFF34F8FFEE7704700BFE4
S11374706489FF1F04ED00E0094B1B6843B94FF01A
S1137480100383F31188BFF36F8FBFF34F8FFEE7B1
S1137490013B034A13600BB983F31188704700BFA3
S11374A06489FF1F000000000000000000000000CD
S11374B0EFF30980BFF36F8F154B1A681EF0100F9E
S11374C008BF20ED108A20E9F04F10602DE9090073
S11374D04FF0100080F31188BFF34F8FBFF36F8F0D
S11374E0FFF768FA4FF0000080F3118809BC1968AF
S11374F00868B0E8F04F1EF0100F08BFB0EC108A17
S113750080F30988BFF36F8F704700BFAFF300802B
S11375100C01002008B54FF0100383F31188BFF36A
S11375206F8FBFF34F8FFFF7BBF818B14FF0805246
S1137530024B1A60002383F3118808BD04ED00E0B8
S1137540054B00221A6005490A604BF67F31044A54
S1137550116007221A60704710E000E018E000E0B4
S113756014E000E03C4B1A683C4B9A4208D14FF0BF
S1137570100383F31188BFF36F8FBFF34F8FFEE7C0
S1137580354B1A68364B9A4208D14FF0100383F3F7
S11375901188BFF36F8FBFF34F8FFEE710B582B032
S11375A0304B1A78D2B20192FF221A701B78DBB2E8
S11375B08DF803309DF8033003F010032A4A13704A
S11375C007222A4B1A609DF8033013F0800F12D063
S11375D0062300E00B469DF803205200D2B28DF83A
S11375E003209DF80320591E12F0800FF2D11F4A88
S11375F01360032B08D04FF0100383F31188BFF3FB
S11376006F8FBFF34F8FFEE71B0203F4E063174A4B
S11376101360019BDBB2134A1370154B1A6842F4D2
S113762070021A601A6842F070421A60FFF788FF0D
S11376300024104B1C60FFF7C5FE0F4A136843F08B
S113764040431360FFF7AAFEFFF7B4F9FFF786FE85
S1137650204602B010BD00BF00ED00E071C20F4132
S113766070C20F4100E400E00C030020100300206E
S113767020ED00E06489FF1F34EF00E0EFF30583A1
S11376800F2B0FD9104A9B5CDBB2104A12789A4236
S113769008D94FF0100383F31188BFF36F8FBFF342
S11376A04F8FFEE70A4B1B6803F4E063094A126834
S11376B0934208D94FF0100383F31188BFF36F8FFF
S11376C0BFF34F8FFEE77047F0E300E00C030020A8
S11376D00CED00E01003002008B50068B1F1FF3F95
S11376E00ED04FF47A7303FB01F1074BA3FB013176
S11376F08909FEF755FC01280CBF0020032008BDB2
S11377004FF0FF31F5E700BFD34D621000B583B0F1
S113771000684FF0E023D3F8043DC3F3080393B1AA
S113772002A9002341F8043DFEF726FB01280FD1EE
S1137730019B6BB14FF08052094B1A60BFF34F8F1E
S1137740BFF36F8F04E000231A461946FEF7ACF925
S113775010F1FF3018BF012003B05DF804FB00BF37
S113776004ED00E010B50446021DFF20FEF777F992
S11377702060B0FA80F0400910BD08B50068FEF73B
S113778017FD002008BD0000024A1368013313608E
S1137790704700BF1803002008B5264B1B7A0BB3B3
S11377A0254B1A680132254BA3FB02135B094FF4E6
S11377B0FA7101FB1323002B2ED01F4B1A601D4BB3
S11377C01B78002B34D01E4B1A6801321B4BA3FBD1
S11377D002135B094FF4FA7101FB13231BB3184B1B
S11377E01A6008BD01F0FEF90128D9D1154B1A68B9
S11377F00132124BA3FB02135B094FF4FA7101FB34
S1137800132313B10F4B1A60CAE700220D4B1A6001
S11378100122084B1A72C3E70022074B1A600122A7
S1137820094B1A70CBE70023054A1360014A137011
S113783008BD00BF1C0300202C030020D34D6210A0
S1137840280300201403002031030020082802D854
S11378500122014B1A5470471C03002008289ABFC8
S1137860014B185C002070471C030020082802D834
S11378700022014B1A5470471C03002030B4054603
S113788050B149B142B10B4601380A4413F8014BD7
S113789000F8014F9342F9D1284630BC704710B428
S11378A0044630B12AB10346024403F8011B9A424C
S11378B0FBD120465DF8044B7047000001B17047CE
S11378C010B586B00121184B1970082A03D0092A73
S11378D012D006B010BD0DF106020821002001F0FF
S11378E089FD0028F5D1114B186006A9012301F880
S11378F0143D01F08BFBECE70DF106020921002099
S113790001F078FD0028E4D106AC012304F8143D0D
S1137910122221460648FFF7B1FF02F03DF8214646
S1137920002001F073FBD4E730030020280300207B
S11379300A8AFF1F7047000038B504460F4B1B78B6
S113794013B1012B0ED038BD851CD0F802302A4665
S11379504178002001F000FD2A466178002001F002
S11379601FFD38BDD0F80230B3F5D87F00D038BD44
S1137970122201460248FFF781FFF8E73003002096
S1137980F889FF1F70470000014B1870704700BF53
S1137990300300202DE9F8438A4B1B780BB9BDE86E
S11379A0F8830020FFF7F0FF874DAB89874AA2FBDD
S11379B00323DB08B5F99820854C63721B0AA37274
S11379C0E272C2F30722227300266673EB881B0A55
S11379D0A373E67326744FF0FF322146304601F05C
S11379E0F9FA2B88E3761B0A23776B8863771B0AE3
S11379F0A377B5F93A30E3771B1284F82030B5F950
S1137A003C3084F821301B1284F822304FF0FF32CE
S1137A1004F11201304601F0DDFAAB8A84F82D300E
S1137A201B0A84F82E30EB8A84F82F301B0A84F862
S1137A3030302B8B84F831301B0A84F832306B8B56
S1137A4084F833301B0A84F834304FF0FF3204F1E9
S1137A502401304601F0BEFAAB8B84F83F301B0A98
S1137A6084F84030EB8B84F841301B0A84F84230B0
S1137A702B8C84F843301B0A84F844306B8C84F8D4
S1137A8045301B0A84F846304FF0FF3204F13601CA
S1137A90304601F09FFAAB8C84F851301B0A84F80D
S1137AA05230EB8C84F853301B0A84F854302B8DFD
S1137AB084F855301B0A84F856306B8D84F857309F
S1137AC01B0A84F858304FF0FF3204F14801304665
S1137AD001F080FAAB8D84F863301B0A84F86430BB
S1137AE0EB8D84F865301B0A84F866302B8E84F89D
S1137AF067301B0A84F868306B8E84F869301B0A7F
S1137B0084F86A304FF0FF3204F15A01304601F034
S1137B1061FA00222F4BD5E91C01F8F75BFEF9F757
S1137B20F3F85FFA80F900222A4BD5E91001F8F73F
S1137B3051FEF9F7E9F85FFA80F895F83E3003EB67
S1137B40830303EB83039F00FFB20022214BD5E99B
S1137B501801F8F73FFEF9F7D7F884F8750084F8B0
S1137B60766084F8779084F8786084F8798084F873
S1137B707A6084F87B7084F87C604FF0FF3204F103
S1137B806C01304601F026FA0022124BD5E91001AF
S1137B90F8F720FEF9F7B8F884F8870084F88860CD
S1137BA00D4B9B7984F8893084F88D6084F88E605D
S1137BB04FF0FF3204F17E01304601F00BFA014B25
S1137BC01E70ECE63103002098290020CDCCCCCCEB
S1137BD06889FF1F00005940582A0020012801D954
S1137BE00948704718B9062903D90748704701287E
S1137BF005D0C0EBC000014404480844704705297F
S1137C00F7D90148704700BF9803002034030020CF
S1137C10012800D9704720B90629FBD8054B5A54CE
S1137C2070470128F6D10529F4D8024B1944CA71CA
S1137C30F0E700BF34030020012800D9704708B5DD
S1137C400B4648B9062900D908BD0122002108487D
S1137C501844FFF724FE08BD0128F5D10529F3D8FF
S1137C600122002103481844FFF719FEECE700BF86
S1137C70340300203B030020052900F2A9802DE9EC
S1137C80F8430C460546FFF7A9FF0746514B04F19C
S1137C900C0203EB8202B2F90610B2F9088033F940
S1137CA0342003EBC403B3F90460B3F90690002A4B
S1137CB01ADB914224DC474B03EBC403B3F90230D3
S1137CC0002B3DDB99421FDA3B7813F0020F1BD0E7
S1137CD005EB45023F4B1344002283F83120214633
S1137CE02846FFF7A9FF0FE0002907DB394B03EB18
S1137CF0C403B3F90230002BE4DAE5E7914259DA20
S1137D003B7813F0020F0AD0002E1EDBB04525DBB2
S1137D10B9F1000F3ADBC8453BDCBDE8F88305EB5D
S1137D2045022C4B134493F83120013283F831205F
S1137D303A7842F0020221462846FFF769FFE3E75A
S1137D400029C1DA9942DFDDBEE7B8F1000F03DB99
S1137D50B9F1000FDFDA1CE0B04533DD3B7813F0F6
S1137D60040F01D0BDE8F88305EB4502194B134419
S1137D7093F83220013283F832203A7842F0040238
S1137D8021462846FFF744FFBDE8F883B8F1000F09
S1137D901BDB3B7813F0040FE4D005EB45020D4BDD
S1137DA01344002283F8322021462846FFF744FF7B
S1137DB0BDE8F883074B03EBC403B3F90230002B8F
S1137DC080DABFE7B9F1000FA5DAC845E1DBC9E7FE
S1137DD0704700BF44030020062900F28B8070B571
S1137DE084B00C460546FFF7F9FE0646424B5A7A24
S1137DF08DF800208DF80120DA798DF802208DF8B5
S1137E0003209A7A8DF804208DF805201A7A8DF8CB
S1137E1006208DF807209B7B8DF808308DF80930FB
S1137E208DF80A308DF80B308DF80C308DF80D304C
S1137E30324B13F8143004AA02EB440212F8102C4B
S1137E40934315D0037813F0020F26D12B4B03EB89
S1137E5044035B7853B104AA02EB440212F80F2CDA
S1137E60934326D0337813F0040F37D104B070BD98
S1137E70037813F0020FE9D105EB4502204B1344BC
S1137E8093F83120013283F83120027842F0020263
S1137E9021462846FFF7BCFED8E705EB4502184B00
S1137EA01344002283F8312021462846FFF7C4FEFC
S1137EB0CCE7337813F0040FD8D105EB4502104B0F
S1137EC0134493F83220013283F83220327842F09E
S1137ED0040221462846FFF79BFEC7E705EB45024F
S1137EE0074B1344002283F8322021462846FFF72B
S1137EF0A3FEBBE7704700BF582A0020BC9D0000CA
S1137F004403002038B500240125E1B22846FFF7D8
S1137F10B3FE0134062CF8D138BD38B5002425460B
S1137F20E1B22846FFF758FF0134072CF8D138BDD9
S1137F30F0B585B000270297CDF80B7002238DF8B9
S1137F40093004238DF80A3006238DF80B300823FA
S1137F508DF80C300A238DF80D3002AD3C463E46B8
S1137F60E1B23046FFF73AFE15F8012B0378C3F36C
S1137F708000511C8840C3F34003934018433843A6
S1137F8087B20134042CEBD10024ADF804400C2357
S1137F908DF800300E238DF8013010238DF8023057
S1137FA012238DF8033014238DF804300125E1B237
S1137FB02846FFF713FE03781DF80420C3F380005E
S1137FC0511C8840C3F3400393401843384387B29D
S1137FD00134032CEBD1384605B0F0BDF0B585B0C3
S1137FE000250295CDF80B5002238DF809300424A6
S1137FF08DF80A4006238DF80B3008238DF80C30D9
S11380000A238DF80D3002AE2F4621463846FFF77D
S1138010E5FD16F8012B0378C3F38000511C88405A
S1138020C3F3400393401843284385B20134E4B2B8
S1138030072CEAD10023ADF804300C238DF800306E
S11380400E238DF8013010238DF8023012238DF8A1
S1138050033014238DF804306E460324012721468F
S11380603846FFF7BBFD16F8012B0378C3F38000F5
S1138070511C8840C3F3400393401843284385B2FE
S11380800134E4B2062CEAD1284605B0F0BD08B5A7
S113809000246425204601F071F8FFF73EFFFFF746
S11380A031FFFFF777FC204601F0C2F8204601F0CB
S11380B0E7F8284601F050F8ECE7000008B50E4C4C
S11380C0002502E02046FFF75DFC2A4621462846AB
S11380D000F0C6FF0028F8D12378012B07D0002B2D
S11380E0F0D0022BF1D12046FFF724FCEDE7204627
S11380F0FFF722FCE9E700BF9C03002000B583B032
S1138100FEF7C8FA02AD45F8040D01244FF47A765F
S1138110204601F033F8204601F08AF8204601F0A9
S1138120AFF83146284601F00FF8F1E770B582B098
S1138130FEF7B0FA0190002000F0EAFE012000F002
S1138140E7FE032000F0E4FE042000F0E1FE00243A
S1138150204B1C7000F072FD082000F035FE204614
S113816000F0E8FE012000F0E5FE032000F0E2FE4E
S1138170042000F0DFFE00F01BFD0226164D174C14
S113818009E0304601F054F8304601F079F8FA215C
S113819001A800F0D9FF304600F0F0FFFFF7C8FE59
S11381A02880FFF71BFF688000F00CFD2B882380DC
S11381B0638007EE903AF8EE677AC4ED017A084BD3
S11381C01B68012BDDD1204601F074FB0022044B17
S11381D01A60D6E7408AFF1F9403002098570020B6
S11381E0AC57002038B500242546E0B200F05AFE12
S11381F0002818BF05460134052CF6D1284638BDA1
S113820010B5002000F0B8FE0446012000F0B4FED2
S1138210002808BF204610BD10B5002000F038FF2C
S11382200446012000F052FF002808BF204610BD7C
S113823008B5FFF7D7FF034608B1184608BDFFF796
S1138240DFFF03460028F8D1FFF7E6FF0346F4E713
S113825008B5FFF7EDFF00F051FF08BD00B583B08E
S1138260FEF718FA01900424104D114E09E020463F
S113827000F0DEFF204601F003F8322101A800F0EF
S113828063FF204600F07AFF6B69042BEFD9AB68DB
S1138290012BECD92B6A132BE9D900236B61AB605A
S11382A02B62336801333360E1E700BFD42A002036
S11382B08C290020044B1B781BB90120034B187038
S11382C070470020704700BF9129002090290020AA
S11382D008B5054B1B781BB90120044B187008BD69
S11382E0FFF7E8FF08BD00BF912900209029002076
S11382F008B5FFF7DFFF08BD08B5FFF7DBFF08BDD2
S113830010B50A4C0A4B03CB2060616003CBA0601C
S1138310E16003CB206161610622002104F1300099
S1138320FFF7BDFA0120034B187010BD4403002071
S1138330CC9A00009029002010B5274B1B8813B954
S1138340254B5B884BB1254B1B78022B0CD0032BA0
S113835039D0012B1FD0002010BD0020FFF77EFA7A
S113836090B102221D4B1A701D4C1E4B03CB206191
S113837061610622002104F13000FFF790FA08221F
S1138380194B1A70012010BD0120FFF767FA90B154
S11383900122124B1A70124C144B03CB2061616101
S11383A00622002104F13000FFF779FA03220E4B74
S11383B01A70012010BD0520FFF750FA0028C2D022
S11383C00322064B1A700520FFF750FA0D22064BC4
S11383D01A70012010BD00BF9403002091290020D1
S11383E044030020DC9A000090290020E49A000055
S11383F008B5FFF7A1FF08BD08B5094B5B883BB181
S11384000522084B1A701222074B1A70012008BD6E
S1138410044B1B78052BF6D0FFF78EFF08BD00BF79
S11384209403002091290020902900202D4B1B88C3
S11384303BB104222C4B1A7011222C4B1A700120D0
S11384407047284B5B883BB10522274B1A701222D8
S1138450264B1A700120704710B50520FFF7FEF96E
S113846050B10322204B1A700520FFF7FFF90D22AB
S11384701E4B1A70012010BD0120FFF7EFF990B1D7
S11384800122194B1A701A4C1A4B03CB20616161FB
S11384900622002104F13000FFF701FA0322134BF6
S11384A01A70012010BD104B1B78013B042B17D808
S11384B001A252F823F000BF87840000E184000089
S11384C069840000D7840000CD8400001222074B89
S11384D01A70012010BD1122044B1A70012010BD26
S11384E0002010BD94030020912900209029002031
S11384F044030020E49A000008B5234BB3F93A0082
S1138500F8F7FEF81EA3D3E90023F8F763F9002275
S11385101E4BF8F7DBFBB8B91B4BB3F93A00F8F77D
S1138520EFF817A3D3E90023F8F754F90022174B07
S1138530F8F7D6FBA8B9164B1B780A2B1AD00C2BCC
S11385400AD0FFF773FF08BD0620FFF787F900285C
S1138550E2D00C220E4B1A700B220E4B1A70012023
S113856008BD0620FFF77AF90028E4D00C22084B56
S11385701A70F1E70922074B1A70012008BD00BFE9
S11385807B14AE47E17A843F9829002000004440E0
S1138590912900209029002038B51B4BB3F93A00EB
S11385A0F8F7AEF816A3D3E90023F8F713F9044655
S11385B00D460022154BF8F789FB38B10C22144BF9
S11385C01A700B22134B1A70012038BD0022124B73
S11385D020462946F8F784FB38B10B220C4B1A705D
S11385E00A220C4B1A70012038BD094B1B780B2B47
S11385F0F6D00C2BE5D0FFF719FF38BDAFF30080A0
S11386007B14AE47E17A843F98290020000044405F
S1138610912900209029002000804B400000000098
S113862008B5274BB3F93A00F8F76AF822A3D3E95F
S11386300023F8F7CFF80022224BF8F747FBB8B92C
S11386401F4BB3F93A00F8F75BF81BA3D3E90023F7
S1138650F8F7C0F800221B4BF8F742FBC0B91A4BDD
S11386601B780A2B1DD00C2B0AD0FFF7DFFE08BDA8
S11386700620FFF7F3F80028E2D00C22124B1A7000
S11386800620FFF7F3F80B22104B1A70012008BDE7
S11386900620FFF7E3F80028E1D00C220A4B1A70F9
S11386A0EEE70620FFF7E2F80922084B1A700120D2
S11386B008BD00BFAFF300807B14AE47E17A843F6E
S11386C0982900200000444091290020902900208E
S11386D02C4B1B883BB104222B4B1A7011222B4BC1
S11386E01A7001207047274B5B883BB10522264B4B
S11386F01A701222254B1A700120704710B50520FC
S1138700FFF7ACF850B103221F4B1A700520FFF796
S1138710ADF80D221D4B1A70012010BD0020FFF78B
S11387209DF890B10222184B1A70194C194B03CBC7
S1138730206161610622002104F13000FFF7AFF8E7
S11387400822124B1A70012010BD0F4B1B78023BFC
S1138750032B15D801A252F823F000BF2B87000089
S11387600D870000778700006D8700001222074BF9
S11387701A70012010BD1122044B1A70012010BD83
S1138780002010BD9403002091290020902900208E
S113879044030020DC9A000008B5234BB3F93A00E7
S11387A0F7F7AEFF1EA3D3E90023F8F713F800226E
S11387B01E4BF8F78BFAB8B91B4BB3F93A00F7F72D
S11387C09FFF17A3D3E90023F8F704F80022174BFF
S11387D0F8F786FAA8B9164B1B78072B19D0092B82
S11387E00AD0FFF775FF08BD0720FFF737F8002808
S11387F0E2D009220E4B1A7006220E4B1A70012089
S113880008BD0720FFF72AF80028E4D00722084B08
S11388101A700422074B1A70012008BDAFF30080C0
S11388207B14AE47E17A843F98290020000044403D
S1138830912900209029002038B51B4BB3F93A0048
S1138840F7F75EFF16A3D3E90023F7F7C3FF044647
S11388500D460022154BF8F739FA38B10922144BAA
S11388601A700622134B1A70012038BD0022124BD5
S113887020462946F8F734FA38B108220C4B1A700E
S113888005220C4B1A70012038BD094B1B78082BAC
S1138890F6D0092BE5D0FFF71BFF38BDAFF30080FE
S11388A07B14AE47E17A843F9829002000004440BD
S11388B0912900209029002000804B4000000000F6
S11388C008B5254BB3F93A00F7F71AFF20A3D3E90B
S11388D00023F7F77FFF0022204BF8F7F7F9B8B928
S11388E01D4BB3F93A00F7F70BFF19A3D3E90023A3
S11388F0F7F770FF0022194BF8F7F2F9C0B9184BDB
S11389001B78072B1CD0092B0AD0FFF7E1FE08BD0A
S11389100720FEF7A3FF0028E2D00922104B1A70AB
S11389200720FEF7A3FF06220E4B1A70012008BD94
S11389300720FEF793FF0028E1D00722084B1A70A6
S11389400720FEF793FF0422064B1A70012008BD8E
S11389507B14AE47E17A843F98290020000044400C
S1138960912900209029002010B50820FEF776FFF9
S113897040B1304B1B8813B92E4B5B8863B1082080
S1138980FEF774FF2C4B1B78013B042B4FD8DFE818
S113899003F01C2C3C4944000520FEF75FFF18B18E
S11389A00322254B1A70EAE70020FEF757FF18B19F
S11389B00222214B1A70E2E70120FEF74FFF002844
S11389C0DDD001221C4B1A70D9E71C4C1C4B03CB85
S11389D0206161610622002104F13000FEF75FFF8F
S11389E00322184B1A70012010BD144C164B03CBF4
S11389F0206161610622002104F13000FEF74FFF7F
S1138A000822104B1A70012010BD0520FEF72EFF1E
S1138A100D220C4B1A70012010BD1222094B1A7042
S1138A20012010BD1122074B1A70012010BD002037
S1138A3010BD00BF940300209129002044030020AE
S1138A40E49A000090290020DC9A00000000000055
S1138A5008B5314BB3F93A00F7F752FE2CA3D3E92A
S1138A600023F7F7B7FE00222C4BF8F739F910B1C1
S1138A700A222B4B1A70284B1A8840F68D539A42BF
S1138A8003D90220FEF7EAFE88B10220FEF7E6FED3
S1138A9020B1214BB3F99830FA2B1DDD204B1B7804
S1138AA00A2B2FD00B2B22D0FFF7C0FC08BD0320CC
S1138AB0FEF7D4FE0028E8D10220FEF7C7FE164BCD
S1138AC01A8840F6F6539A42E8D90320FEF7BEFE10
S1138AD00B22134B1A700AE00320FEF7BFFE002896
S1138AE0DCD10320FEF7B2FE0B220D4B1A700220DC
S1138AF0FEF7BCFE0320FEF7B9FE0A22094B1A70EA
S1138B00012008BD0922074B1A70012008BD00BFCF
S1138B107B14AE47E17A843F98290020000044404A
S1138B20912900209029002008B51D4BB3F93A0083
S1138B30F7F7E6FD18A3D3E90023F7F74BFE00226D
S1138B40184BF8F7CDF810B10722174B1A70042010
S1138B50FEF784FE20B9124B5B88B3F52F6F08D95A
S1138B60114B1B78072B12D0082B08D0FFF7B0FD50
S1138B7008BD0420FEF76AFE08220B4B1A7004207D
S1138B80FEF774FE0522094B1A70012008BD042269
S1138B90064B1A70012008BD7B14AE47E17A843F6E
S1138BA098290020000044409129002090290020A9
S1138BB008B50022024B1A70FFF7A2FB08BD00BFE4
S1138BC09029002008B5054B1B78122B01D90320EE
S1138BD008BD034A52F82330984708BD9029002065
S1138BE0749E0000014B1878704700BF9029002044
S1138BF008B50D48F8F7B0FF00F048FC002000F07D
S1138C0091FD012000F08EFD022000F08BFD00207C
S1138C1000F068FB0221132000F036FD00F022FC76
S1138C20FFF716FB08BD00BF0084FF1F08B50A4606
S1138C30C1B2002000F0CAFD08BD000030B583B009
S1138C4000240094012302220A21184600F000FEA9
S1138C500094012302220B21104600F0F9FD0421A7
S1138C60052000F011FD0221084600F00DFD012051
S1138C7000F090FD022000F08DFD0121132000F092
S1138C8003FD0E4D4FF4D8732A460821204600F008
S1138C9049FB2A460821204600F0ACFB12354FF46C
S1138CA0E0732A460921204600F03CFB2A460921AC
S1138CB0204600F09FFB03B030BD00BFFA89FF1FC0
S1138CC008B501230A460146002000F093FC003059
S1138CD018BF012008BD01290BDD431C01440020FD
S1138CE013F8012B1044C0B28B42F9D1C043C0B277
S1138CF070470020FAE7F0B585B014463E238DF89E
S1138D0008308DF80900000A8DF80A008DF80B1060
S1138D100B0A8DF80C300B0C8DF80D30090E8DF804
S1138D200E1060238DF80430072102A8FFF7D3FF4B
S1138D308DF805008DF806400B2407270A263946CE
S1138D4002A8FFF7BDFF0546304600F005FA631E92
S1138D5013F0FF0412D0002DF1D10B2503270A26AE
S1138D60394601A8FFF7ACFF0446304600F0F4F999
S1138D7034B1013D15F0FF05F2D101E0012415B134
S1138D80204605B0F0BD0B25E8E7F0B583B01746E3
S1138D903E238DF804308DF805008DF8061000236D
S1138DA08DF807300B240A26394601A8FFF788FFFF
S1138DB00546304600F0D0F91DB1631E13F0FF04E0
S1138DC0F2D1284603B0F0BD10B50C2868D8DFE80E
S1138DD000F007131A21282F3659603D444B5200E6
S1138DE0052200212220FFF7D0FF044600210A209B
S1138DF0FFF71CFF204610BD052200211C20FFF7B1
S1138E00C4FF0446F2E7052200211E20FFF7BDFF40
S1138E100446EBE7052200211F20FFF7B6FF0446B6
S1138E20E4E7052200212020FFF7AFFF0446DDE739
S1138E30052200219320FFF7A8FF0446D6E7052268
S1138E4000219420FFF7A1FF0446CFE70522032168
S1138E509720FFF750FF0446C8E705220C2197200E
S1138E60FFF749FF0446C1E705220C219720FFF7CD
S1138E708CFF0446BAE7052203219720FFF785FFFC
S1138E800446B3E7052200219620FFF77EFF04463F
S1138E90ACE7032200219520FFF777FF0446A5E7FE
S1138EA00124A7E7042801D902207047F0B585B052
S1138EB000EB8003134A52F82350FDB102EB830305
S1138EC09E68EEB1044600EB80020E4B03EB820376
S1138ED0DA6859680C4F682000FB04700290019610
S1138EE01B7C009300232846FDF74AFA074B43F8FE
S1138EF02400B0FA80F0400905B0F0BD0220FBE781
S1138F000220F9E7E49D00003026002078290020A3
S1138F10042801D90220704708B5054B53F82000F6
S1138F2018B1FDF7A9FD002008BD012008BD00BF50
S1138F3078290020042801D90220704708B5054B80
S1138F4053F8200018B1FDF713FB002008BD0120E1
S1138F5008BD00BF78290020042807D808B5054BB0
S1138F6053F8200020B1FDF7C7FE08BD002070476C
S1138F70002008BD78290020012801D9022070476B
S1138F8000EB4003104A02EB83039A68CAB130B580
S1138F9083B004460C4804EB44039B00C1184968A1
S1138FA0C05800230093094B4C2505FB0433FCF700
S1138FB005FD074B43F82400B0FA80F0400903B0E4
S1138FC030BD0220704700BFCC9D0000382800202F
S1138FD0D0280020012801D90220704771B108B5BA
S1138FE0094B53F8200058B10023FCF75DFD01281C
S1138FF008D000280CBF0120032008BD02207047C0
S1139000012008BD002008BDD028002000B583B091
S113901000230193012803D9022003B05DF804FB67
S1139020B1B10D4B53F82000A0B1002301AAFCF705
S113903027FE019B3BB14FF08052084B1A60BFF3EF
S11390404F8FBFF36F8F10F1FF3018BF0120E4E79B
S11390500220E2E70120E0E7D028002004ED00E050
S1139060012801D90220704759B108B5074B53F8BC
S1139070200040B1FCF7E8FE01280CBF00200320CB
S113908008BD02207047012008BD00BFD028002081
S1139090012801D90220704710B582B00446032389
S11390A00093084B4C2202FB00330022114601209E
S11390B0FCF784FC044B43F82400B0FA80F0400928
S11390C002B010BDD828002070290020012801D941
S11390D00220704710B50446064B4C2101FB0031B9
S11390E00120FCF7B7FD044B43F82400B0FA80F0EC
S11390F0400910BDD82800207029002008B5FDF7CC
S11391007BFA08BD034B0360034B0B6080231360A1
S1139110704700BF04310020042B0020034B036080
S1139120034B0B604FF48073136070476C31002065
S1139130042D00204FF0100383F31188BFF36F8FC9
S1139140BFF34F8FFEE7704720B108B5FDF7BCFBB6
S1139150002008BD0220704708B548B94FF080527E
S1139160054B1A60BFF34F8FBFF36F8F002008BD0C
S1139170FDF7FAFBFAE700BF04ED00E0042800D98C
S1139180704738B50446FDF785FA1F4B53F8243071
S113919043B3C31A042C34D8DFE804F0032D2B3373
S11391A02F001A494B601A4A52F824502B4442F8B3
S11391B02430184D55F82420013245F82420022A81
S11391C010D9154AA2FB03235B08144A1268B3FBA7
S11391D0F2F38B6000230E4A42F8243045F8243021
S11391E04B600B60084B43F824000D4B43F82400FC
S11391F038BD0C49D6E70C49D4E7084A13600B493B
S1139200D0E70021CEE700BFA82A0020D42A0020FE
S1139210702A0020942A0020ABAAAAAAD02A0020EF
S1139220BC2A0020E02A0020EC2A0020F82A002092
S1139230042800D9704710B50446FDF72BFA0B4BF0
S113924053F8243083B1042C0ED8DFE804F005036E
S1139250090D0B00064A00E0064AC01A106010BD52
S1139260054AFAE7054AF8E710BD00BFBC2A00200A
S1139270EC2A0020D42A0020E02A0020F82A00202A
S1139280042800D9704710B50446FFF765FE04EBC7
S113929084020C4B03EB8203DB68181A8000042C55
S11392A00FD8DFE804F00309060E0C00064B5860E3
S11392B010BD054B186010BD034B986010BD024BE8
S11392C0D86010BDE49D0000842A002008B5FFF793
S11392D08FFC034A1368002BFCD0014B186808BDAF
S11392E0D431002010B50B4B1C5C0B4B53F82020E1
S11392F00A4B40F6143101FB00312046F9F746FFD2
S113930008B1012010BD002205492046FAF792FA5F
S1139310002010BDCC9E0000C09E0000D034002070
S1139320BD78000010B584B000240194039414792E
S1139330003418BF01248DF804409279029201AAE6
S1139340044C205CFAF70CF9003018BF012004B07B
S113935010BD00BFCC9E000010B584B01479003459
S113936018BF01248DF804409479029400248DF8E8
S11393700C408DF80D408DF80E405279012A14BF2F
S1139380002201228DF80F2001AA044C205CFAF778
S113939063F8003018BF012004B010BDCC9E00005B
S11393A010B586B01379003318BF01238DF80C3043
S11393B09379049300238DF814308DF815308DF8CB
S11393C016305379012B14BF002301238DF8173075
S11393D052F8073B064C205C4FF4FA740194009257
S11393E003AAFAF759F8003018BF012006B010BDDF
S11393F0CC9E00002DE9F04115464C2404FB01F4F9
S1139400124F3E193246124B185CFAF7DDF88046CB
S113941096F84830AB7173682B603B59C3F34053E3
S11394202B713B59C3F300536B7196F84830AB7101
S113943004F1080196F848203944E81DFEF71EFAA5
S113944018F1000018BF0120BDE8F081D8310020D8
S1139450CC9E0000024A537803F07F035370704798
S11394600000024008B5002205491220FBF76EF9FE
S113947004490548F9F706FD003018BF012008BD6E
S1139480559400000C560020EC9A00002DE9F041A0
S11394902D492620FBF77EFF00284BD12B4B1E784D
S11394A0042E4AD81C4603F598780AE03A7979786C
S11394B02846FBF77FFF444520D014F8086F042E9C
S11394C03ED8350305F1804505F592252746E27916
S11394D061782846FBF78BFFB001A278617800F130
S11394E0804000F57F20FBF798FF6379002BDDD0E7
S11394F0A27961782846FBF77EFFD7E7002214495A
S11395003B20FBF723F9002212493C20FBF71EF90C
S1139510002211493D20FBF719F900220F493E2092
S1139520FBF714F900220E493F20FBF70FF9002046
S1139530BDE8F0810120BDE8F0810120BDE8F081A3
S11395400120BDE8F08100BF3485FF1F448AFF1F5E
S1139550D7950000CD950000BD9500009B950000B7
S113956091950000262801D90120704708B5074BC2
S113957003EBC00213F830000003517800F180407F
S113958000F59220FBF742FF002008BD448AFF1F2C
S113959008B50A20FFF7E6FF08BD08B51520FFF758
S11395A0E1FF1620FFF7DEFF2320FFF7DBFF242077
S11395B0FFF7D8FF1720FFF7D5FF08BD08B5152022
S11395C0FFF7D0FF1620FFF7CDFF08BD08B51A201E
S11395D0FFF7C8FF08BD08B51420FFF7C3FF132029
S11395E0FFF7C0FF0820FFF7BDFF1A20FFF7BAFFFF
S11395F008BD0000F0B583B00D4616461F464FF473
S1139600B874114B04FB003400EB40000F4B1844BA
S113961041782046FBF71EF84FF47A7300933B46DB
S1139620324629462046FBF767F8B0F5007F05D09F
S1139630032806D0003018BF012000E0022003B048
S1139640F0BD0320FBE700BF28560020848BFF1FDA
S1139650142801D90120704708B5034B1856FBF7AD
S11396608DF8002008BD00BFD09E0000142801D949
S11396700120704708B5034B1856FBF78BF8002000
S113968008BD00BFD09E000038B504460D46FFF764
S1139690EDFF034608B1184638BD142C01D9012347
S11396A0F9E72946044B1857FBF782F82046FFF7E1
S11396B0CFFF0346EFE700BFD09E000008B50821A6
S11396C00020FBF751FE00B908BD08210020FBF77C
S11396D051FEF9E708B501210020FBF745FE00B96A
S11396E008BD01210020FBF745FEF9E708B5042178
S11396F00020FBF739FE00B908BDFEF74DF8042140
S11397000020FBF737FEF7E708B502210020FBF73E
S11397102BFE00B908BDFEF737F802210020FBF745
S113972029FEF7E738B50546134C14F81000134B1F
S113973053F82010FBF798FC14F8150004EB4504CB
S11397400F4B53F820206178FBF74AFD00220D49A6
S11397503020FAF7FBFF00220B493120FAF7F6FF1D
S113976000220A493220FAF7F1FF00220849332087
S1139770FAF7ECFF38BD00BF7C8BFF1F948BFF1FF3
S1139780888BFF1FD596000009970000ED96000016
S1139790BD96000008B5054B03EB40025278012149
S11397A0914013F81000FBF7B5FC08BD7C8BFF1F3C
S11397B008B5054B03EB400252780121914013F8A0
S11397C01000FBF7AFFC08BD7C8BFF1FF0B587B022
S11397D007460D4614466846FBF736FC00238DF811
S11397E014308DF8003001238DF8013065BB4FF43F
S11397F07A7303FB04F401943D46144B03EB4701D5
S11398006A46497813F81700FBF7EAFC3846FFF775
S1139810C1FF0E4C04EB470673780121994014F8FC
S11398201500FBF7A1FD0028F6D0084B03EB470217
S113983052780121914013F81700FBF79BFD38463D
S1139840FFF7B6FF07B0F0BD0194D5E77C8BFF1F8F
S11398502DE9F04186B080460C4615461E469DF81B
S113986030706846FBF7F0FB01238DF814300022BA
S11398708DF800208DF801306FB94FF47A7303FB33
S113988006F6019629462046FFF7FEFE28B1012080
S113989006B0BDE8F0810196F4E7054B03EB4801FF
S11398A06A46497813F81800FBF79AFC0020EFE7A2
S11398B07C8BFF1F38B5082200212848FDF7EFFFF5
S11398C001210846FEF78AF9037813F0020F1FD02E
S11398D00122234B83F8CF2002210120FEF77EF9D9
S11398E0037813F0020F1BD001221D4B83F8D12003
S11398F000210120FEF772F9037813F0020F17D14B
S113990013F0040F18D00122154B83F8D42013E070
S113991013F0040FE0D00122114B83F8D020DBE7D1
S113992013F0040FE4D001220D4B83F8D220DFE7BB
S113993001220B4B83F8D320094D2C4654F8C83F21
S1139940224695F8C7100020FFF706FD224695F839
S1139950C7100020FFF724FD38BD00BF378AFF1F62
S11399606889FF1F0A49D1ED017AFDEEE77A17EE07
S1139970903A1AB2074BDA861A87B1F900205A874F
S11399809A874A88DA870022A3F84020704700BFEC
S1139990A45700204403002010B5394B93F8AC10B1
S11399A093F8AB2042EA012236490A8093F8AD20AD
S11399B0354B1A700B889BB2ABB9344B18683049DD
S11399C091F8AF4091F8AE2042EA042202801A686E
S11399D002321A602E4A1368013313602C4B1B6841
S11399E0032B36D010BD274B1B889BB2022B1ED0F5
S11399F0244B1B889BB2042BF0D124490868204ACD
S1139A0092F8AF4092F8B0301B0443EA042392F872
S1139A10AE40234392F8B12043EA026303600B682B
S1139A2004330B601A4A136801331360D6E7174BEB
S1139A301868134991F8AF4091F8AE2042EA042225
S1139A4002801A6802321A60114A136801331360E3
S1139A50C4E700220E4B1A6001220E4B1A604FF02D
S1139A60005211880C4B19800C49B1F9001059802F
S1139A700B4909685960054B1A60FFF773FFB1E79A
S1139A806889FF1FB2570020B0570020A08BFF1F2A
S1139A90A0570020AC570020A4570020020000204B
S1139AA00400002010B5431E0A44914200D110BDA9
S1139AB011F8014B03F8014FF7E7024403469342C0
S1139AC000D1704703F8011BF9E700003C003200A5
S1139AD0F6FF0000420EDE0DC409F609140005006D
S1139AE000000000A6FFECFF0000000000000000E2
S1139AF0000008000000001000000014FFFFFFFF3A
S1139B001000000000000001010000000700000038
S1139B10040000000100000000000000010000003B
S1139B200B00000001000000010000000000000024
S1139B3001000000000000000000000000B003402D
S1139B40007002400000000000000000000000005F
S1139B500000000000000000000000000000000001
S1139B6000000000000000000000000000000000F1
S1139B7000000000000000000000000000000000E1
S1139B8000000000000000000000000000000000D1
S1139B900000000000007300320021006100490051
S1139BA04A004B004C004D003D00000024002500FD
S1139BB02B0036003100000020000000380039007E
S1139BC03A00260000003B0027005A0066003700D8
S1139BD02C002D002E0040006A006B006C00000079
S1139BE00000000000000000000000000000000071
S1139BF000FCAC06007E5603003FAB0100FCAC0643
S1139C00007E5603003FAB0100FCAC06007E560309
S1139C10003FAB0100000000000000000000000055
S1139C2000000000000000000000000000FCAC0682
S1139C30007E5603003FAB0100000000000000005E
S1139C400000000000B4C404006CDC02B0F3960110
S1139C5000B4C404006CDC02B0F3960100B4C40484
S1139C60006CDC02B0F3960100000000000000006C
S1139C7000000000000000000000000000000000E0
S1139C8000B4C404005A6202B0F39601000000005C
S1139C90000000000000000000093D0000093D0034
S1139CA040420F0000093D0000093D0040420F0002
S1139CB000093D0000093D0040420F000000000083
S1139CC00000000000000000000000000000000090
S1139CD00000000000093D0000093D0040420F0063
S1139CE00000000000000000000000000000000070
S1139CF0000000000000000000000000000000411F
S1139D00414141410000000000202020202020206B
S1139D1020202000404040404000800048484848FF
S1139D2000303030303030303036303030000000E9
S1139D30004002400050024000B002404E555C001A
S1139D404F565D0051585F52808000005080800063
S1139D50000102030405060708090909090A0A0A99
S1139D600A0B0B0B0B0C0C0C0C0D0D0D0D0D0D0D2E
S1139D700D0E0E0E0E0E0E0E0E0E0E0E0E0E0E0E00
S1139D800E0F0F0F0F0F0F0F0F0F0F0F0F0F0F0FE0
S1139D900F00000000A005402D2C000000600340CF
S1139DA00010034049444C4500000000546D7251BA
S1139DB000000000546D72205376630040040104D7
S1139DC04004080420100201080400001E000000E2
S1139DD014000000B007002014000000020000007E
S1139DE0081600208F800000489E0000080A00200A
S1139DF00003000004000000FD800000549E0000E9
S1139E003018002000030000030000002D81000032
S1139E105C9E0000B003002000010000050000006B
S1139E20BD800000689E0000301600208000000005
S1139E30010000005D820000709E000030240020BC
S1139E4080000000020000004461746150726F637E
S1139E5000000000534F434573740000424D5353B8
S1139E607461746500000000517565756552780071
S1139E70574454000183000069890000D186000022
S1139E80C18800003988000099870000298B0000F0
S1139E902D8400002186000099850000F9840000CB
S1139EA0518A0000B5820000D1820000F1820000D6
S1139EB0F982000039830000F9830000F183000077
S1139EC0009B0000000000000000000000000000F3
S1139ED03B3C3D3E3F5152585F30313233272812CC
S1139EE01518194516000000F8B500BFF8B500BFF5
S10B9EF0886EFF7F01000000F1
S1139EF8010101010101000001010000010001004C
S1139F0800127A00000100020101000000010000B3
S1139F1800000C0001010000010000000000000026
S1139F280100000003010101000303000102030111
S1139F38000600010100000001000001010000000A
S1139F480100000000000000000000000000000004
S1139F580101010101010101000000001C000000D1
S1139F687884FF1F01010000410102000042010240
S1139F7800002B010000002C010000003401000047
S1139F880035010000003601000000430102000012
S1139F983C010200003D010200003E010200003FB6
S1139FA801020000440102000045010200004601CC
S1139FB802000047010200004801020000490102B2
S1139FC800004A010200004B010200004C0102009B
S1139FD800370100000038010000002D01000000D6
S1139FE82E010000002F01000000300100000031A4
S1139FF80100000000010000E80300000100000067
S113A0080000000000000000000000000001000043
S113A018E803000001000000010000000000000047
S113A0280100000000C0044001000000000000011D
S113A03800000000C0F00F400000000000C0044011
S113A048000000000000000100000000C0F00F4004
S113A0580100000000D004400B00000002000006CC
S113A06800000000000000000000000000D00440D0
S113A0780A000000020000060000000000000000C2
S113A0880000000000D004400500000000000005A6
S113A09800000001000000000000000000D004409F
S113A0A80400000002000005000000000000000099
S113A0B80000000000C004400F000000020000017E
S113A0C800000000C0F00F400100000000C0044080
S113A0D8070000000000000100000000C0F00F406D
S113A0E80100000000B0044001000000000000016D
S113A0F80000000080F00F400100000000B00440A0
S113A10800000000000000010000000080F00F4083
S113A1180100000000B0044011000000000000012C
S113A1280000000080F00F400100000000B004406F
S113A1380E000000000000000009000000000000FC
S113A1480000000000A00440030000000000000319
S113A15800000000000000000000000000A004400F
S113A16802000000000000030000000000000000DE
S113A1780000000000B004400D00000000000001D1
S113A1880009000080F00F400000000000B0044007
S113A1980C000000020000010000000080F00F40E5
S113A1A80000000000A004400100000000000003BB
S113A1B800000000000000000000000000A00440AF
S113A1C80000000000000003000000000000000080
S113A1D80000000000B00440090000000000000175
S113A1E80000000080F00F400100000000A00440BF
S113A1F8110000000000000300000000000000003F
S113A2080000000000A0044010000000000000034B
S113A21800000000000000000000000000A004404E
S113A2280F00000000000003000000000000000010
S113A2380000000000A004400E000000000000031D
S113A24800000000000000000000000000A004401E
S113A2580D000000000000010000000040F00F4065
S113A2680000000000A004400C00000000000001F1
S113A2780000000040F00F400100000000C004404E
S113A28803000000020000000000000000000000BD
S113A2980000000000C004400200000002000000AA
S113A2A800000000000000000000000000900440CE
S113A2B8030000000200000000000000000000008D
S113A2C800000000009004400200000002000000AA
S113A2D8000000000000000000000000009004409E
S113A2E800000000000000010000000000F00F4022
S113A2F80100000000B00440070000000000000254
S113A30800000000000000000000000000B004404D
S113A3180600000000000002000000000000000029
S113A3280000000000D0044002000000000000010A
S113A3380000000000F10F400000000000900440FD
S113A3480D000000000000010000000000F00F40B4
S113A35800000000009004400C0000000000000110
S113A3680000000000F00F400000000000900440CE
S113A3780B000000000000010000000000F00F4086
S113A3880100000000D004400100000000000001AA
S113A3980000000000F10F400100000000D004405C
S113A3A800000000000000010000000000F10F4060
S113A3B801000000410102000042010200002901DD
S113A3C80000002A010000002B010000002C0100FD
S113A3D800003401000000350100000036010000CF
S113A3E80043010200003A010000003C01020000A1
S113A3F83D010200003E010200003F01020000444A
S113A4080102000045010200004601020000470164
S113A418020000480102000049010200004A01024A
S113A42800004B010200004C01020000370100004B
S113A4380038010000002D010000002E010000007A
S113A4482F0100000030010000003101000000323B
S113A45801000000AAAAAAAA010001000000000045
S113A46808000000000000000000010102000000D4
S113A47800000800000000000000000001020300C2
S113A48800000000080000000000000000000103B4
S113A49804000000000008000000000000000000A4
S113A4A8010405000000000008000000000000008E
S113A4B8000001050600000000000800000000007C
S113A4C8000000000106070000000000080000006A
S113A4D80000000000000107080000000000080058
S113A4E800000000000000000108B00100000000A6
S113A4F8080000000000000000000109C00100007D
S113A508000008000000000000000000010AD0015B
S113A5180000000008000000000000000000010B1B
S113A528E001000000000800000000000000000036
S113A538010000000004000002000B0700050000F1
S113A54802000B070204000002000B0702050000CA
S113A55802000B07000A010002000B0704000100B7
S113A56800000B010401010000000B01000B0100B5
S113A57800000B01000C000002010B01000D01009A
S113A58800000B010402000002010B010406000094
S113A59800000B000302000000000B00030300008E
S113A5A800000B000304010000000B01000600007A
S113A5B800000B000007000000000B00020600006A
S113A5C802000B030207000002000B030000000056
S113A5D802010B010001000002010B01021100003D
S113A5E802010B010200000002010B010307000035
S113A5F802010B01010C000002010B01010D010015
S113A60800000B010209010000000B010100010117
S113A61802000B030101000002000B030102000009
S113A62802000B030103010002000B0304040000F1
S113A63802000B050405010002000B0503000000DD
S113A64802010B010301000002010B0101060000D5
S113A65800000B010107000000000B0100000000CE
S113A66800000000000000000000000000000001DD
S113A67800020000000800000485FF1F1C85FF1F5E
S113A68800000000389B0000389B00000000000018
S107A698000000209A
S9030411E7
